date,site_number,site_name,length_meters,river_mile,treatment,time,water_elevation,weather,water_temp,visibility_feet,visibility_meters,survey_method,video_or_observer,lfr_count,wr_count,sr_count,fr_count,trout_count,adult_predator_fish,other_juvenile_fish,comments,calculated_flow
2020-02-06,228,East Sand Slough (BOTTOM),220,243,Baseline,9:30,,1,50,4,1.219140506,Snorkel Downstream,Observer,0,0,0,0,0,0,0,no fish,3982
2020-02-18,228,East Sand Slough (BOTTOM),220,243,Baseline,11:00,,1,50,2,0.609570253,Snorkel Downstream,Observer,0,0,0,0,0,0,0,,3838
2020-03-03,228,East Sand Slough (BOTTOM),220,243,Baseline,12:40,,1,62.6,10,3.047851265,Snorkel Downstream,Observer,0,0,0,240,0,0,0,,5551
2020-04-01,228,East Sand Slough (BOTTOM),220,243,Baseline,11:40,,1,49,6,1.828710759,Snorkel Downstream,Observer,0,0,0,0,0,0,0,"secchi 6 ft, fish vis= 4 ft",5178
2020-04-20,228,East Sand Slough (BOTTOM),220,243,Baseline,11:45,,2,58,8,2.438281012,Snorkel Downstream,Observer,0,0,0,0,0,0,1705,"1700 larval juveniles, 5 SACSUC",7534
2020-04-20,228,East Sand Slough (BOTTOM),220,243,Baseline,11:45,,2,58,8,2.438281012,Snorkel Downstream,Observer,0,0,0,0,0,0,1705,"1700 Larval Fish, 5 Suckers",7534
2020-05-12,228,East Sand Slough (BOTTOM),220,243,Baseline,11:15,,3,50,6,1.828710759,Snorkel Downstream,Observer,0,0,0,0,0,0,0,,9813
2020-05-27,228,East Sand Slough (BOTTOM),220,243,Baseline,11:52,,1,59,10,3.047851265,Snorkel Downstream,Observer,0,0,0,0,0,5,1505,"3 HH, 2 sacsuc, 1 otter, 1500 minnows",9447
2020-06-18,228,East Sand Slough (BOTTOM),220,243,Baseline,10:23,,1,57,5,1.523925632,Snorkel Downstream,Observer,0,0,0,0,0,0,0,,11818
2020-07-02,228,East Sand Slough (BOTTOM),220,243,Baseline,9:30,,1,56,6,1.828710759,Snorkel Downstream,Observer,0,0,0,0,0,0,0,,12726
2020-02-04,227,East Sand Slough (TOP),122,246,Baseline,13:27,,1,49,3,0.914355379,Snorkel Downstream,Observer,0,0,0,0,0,0,0,1SS,4565
2020-02-18,227,East Sand Slough (TOP),122,246,Baseline,10:15,,1,50,4.5,1.371533069,Snorkel Downstream,Observer,0,0,0,0,0,0,0,,3867
2020-03-03,227,East Sand Slough (TOP),122,246,Baseline,13:20,,1,62.6,10,3.047851265,Snorkel Downstream,Observer,0,0,0,0,0,0,0,,5562
2020-04-01,227,East Sand Slough (TOP),122,246,Baseline,10:45,,1,49,6,1.828710759,Snorkel Downstream,Observer,0,0,0,0,0,0,0,"secchi 6 ft, fish visibility = 4ft",5211
2020-04-20,227,East Sand Slough (TOP),122,246,Baseline,13:30,,2,58,5,1.523925632,Snorkel Downstream,Observer,0,0,0,0,0,0,16,"16 larval juveniles, 1 adult SACSUC",7480
2020-04-20,227,East Sand Slough (TOP),122,246,Baseline,13:30,,2,58,5,1.523925632,Snorkel Downstream,Observer,0,0,0,0,0,0,17,"16 Cyprinidae, 1 Sucker",7480
2020-05-12,227,East Sand Slough (TOP),122,246,Baseline,10:30,,3,52.6,10,3.047851265,Snorkel Downstream,Observer,0,0,0,0,0,0,340,"20-SS, 20-CYP, 300-larval fish",9890
2020-05-27,227,East Sand Slough (TOP),122,246,Baseline,13:00,,1,59,6,1.828710759,Snorkel Downstream,Observer,0,0,0,0,0,0,220,"20 sacsuc, 200 minnows",9281
2020-06-18,227,East Sand Slough (TOP),122,246,Baseline,10:50,,1,56,7,2.133495885,Snorkel Downstream,Observer,0,0,0,0,0,0,0,,11818
2020-07-02,227,East Sand Slough (TOP),122,246,Baseline,9:30,,1,52,7,2.133495885,Snorkel Downstream,Observer,0,0,0,0,0,0,75,"70-HH, 5-TSS",12726
2017-07-24,216,Mainstem South,473,246,Control,12:00,,1,57,8,2.438281012,Snorkel Downstream,Observer,0,0,0,0,0,0,22,12 HH 1 SS 8 SB 1 PM,11328
2017-08-07,216,Mainstem South,473,246,Control,13:50,,1,57,8,2.438281012,Snorkel Downstream,Observer,0,0,0,0,1,0,82,"1 STB, 3 TP, 24 SP, 53 SS, 1 rifscu",11014
2017-08-23,216,Mainstem South,473,246,Control,10:55,,1,56,9.5,2.895458702,Snorkel Downstream,Observer,0,0,0,0,0,0,35,"24 HH, 9SS, 2 TSS",11199
2017-09-06,216,Mainstem South,473,246,Control,14:06,,2,58.1,8,2.438281012,Snorkel Downstream,Observer,0,0,0,0,5,0,0,,10107
2017-09-20,216,Mainstem South,473,246,Control,10:50,,2,54.2,8,2.438281012,Snorkel Downstream,Observer,0,0,0,0,2,0,155,"100 HH, 40 SS, 15TSB",10118
2017-10-05,216,Mainstem South,473,246,Control,11:30,,1,55,3,0.914355379,Snorkel Downstream,Observer,0,0,0,0,0,0,0,low visibility along banks due to silt,9086
2017-10-18,216,Mainstem South,473,246,Control,10:55,,1,53,8,2.438281012,Snorkel Downstream,Observer,0,68,0,0,0,0,135,"100 HH, 35 SS",8444
2017-11-01,216,Mainstem South,473,246,Control,11:19,,1,53,8,2.438281012,Snorkel Downstream,Observer,0,0,0,0,13,0,225,"160 HH, 60 SS, 5 TSS",8732
2017-11-15,216,Mainstem South,473,246,Control,10:25,,4,52,7,2.133495885,Snorkel Downstream,Observer,0,0,0,0,0,0,0,water very turbid,6118
2018-03-29,216,Mainstem South,473,246,Control,10:45,,2,55,6,1.828710759,Snorkel Downstream,Observer,0,0,0,0,0,0,0,,5384
2018-04-03,216,Mainstem South,473,246,Control,13:10,,1,55,7,2.133495885,Snorkel Downstream,Observer,0,0,0,1,0,0,0,,5166
2018-05-14,216,Mainstem South,473,246,Control,11:15,,1,53,8,2.438281012,Snorkel Downstream,Observer,0,0,0,0,0,0,0,,9443
2018-06-14,216,Mainstem South,473,246,Control,10:35,,1,60,5,1.523925632,Snorkel Downstream,Observer,0,0,0,0,0,0,2,"1 HH, 1 SACSUC",11056
2018-06-26,216,Mainstem South,473,246,Control,12:04,,1,54,9,2.743066138,Snorkel Downstream,Observer,0,0,0,0,0,0,0,,12381
2018-07-10,216,Mainstem South,473,246,Control,12:51,,1,56,7,2.133495885,Snorkel Downstream,Observer,0,0,0,0,0,0,2,2 TSS,13106
2018-07-24,216,Mainstem South,473,246,Control,9:03,,1,60,10,3.047851265,Snorkel Downstream,Observer,0,0,0,0,0,0,0,,13047
2018-08-06,216,Mainstem South,473,246,Control,10:53,,3,56,10,3.047851265,Snorkel Downstream,Observer,1,0,0,0,3,0,5,HH,12122
2018-08-21,216,Mainstem South,473,246,Control,9:08,,1,58,10,3.047851265,Snorkel Downstream,Observer,0,1,0,0,0,1,0,1 HH,10835
2018-09-05,216,Mainstem South,473,246,Control,13:10,,1,60,8,2.438281012,Snorkel Downstream,Observer,5,0,0,0,0,0,9,"8 HH, 1 SACSUC",9551
2018-09-17,216,Mainstem South,473,246,Control,11:45,,1,58,8,2.438281012,Snorkel Downstream,Observer,1,0,0,0,0,0,15,15 HH,8640
2018-10-01,216,Mainstem South,473,246,Control,12:49,,2,57,10,3.047851265,Snorkel Downstream,Observer,0,0,0,0,0,0,0,,7680
2018-10-15,216,Mainstem South,473,246,Control,12:50,,1,55,7,2.133495885,Snorkel Downstream,Observer,50,30,0,0,0,0,0,,7926
2019-07-15,216,Mainstem South,473,246,Control,14:50,,2,60,8,2.438281012,Snorkel Downstream,Observer,0,0,0,0,0,0,0,(* 355 MINNOWS),NA
2019-08-15,216,Mainstem South,473,246,Control,11:20,,1,59,8,2.438281012,Snorkel Downstream,Observer,0,0,0,0,18,0,52,"42 HH, 10pkm",11373
2019-09-19,216,Mainstem South,473,246,Control,14:41,,2,61,10,3.047851265,Snorkel Downstream,Observer,0,35,0,0,0,0,200,200sacsuc,8335
2019-11-11,216,Mainstem South,473,246,Control,11:38,,1,57,7,2.133495885,Snorkel Downstream,Observer,0,12,0,0,0,0,3,3SS,4926
2019-11-26,216,Mainstem South,473,246,Control,10:35,,3,54,7,2.133495885,Snorkel Downstream,Observer,0,0,0,0,0,0,590,"550 HH, 40 Suckers",4818
2020-01-06,216,Mainstem South,473,246,Impact,11:47,,1,52,4,1.219140506,Snorkel Downstream,Observer,0,1,0,1,0,0,100,100 HH,5090
2020-01-21,216,Mainstem South,473,246,Control,12:30,,3,50,6,1.828710759,Snorkel Downstream,Observer,0,0,0,0,0,0,955,"825 HH, 125MSQ, 5TSB",5123
2020-02-03,216,Mainstem South,473,246,Control,11:46,,1,49,6,1.828710759,Snorkel Downstream,Observer,0,0,0,135,0,0,0,,4617
2020-02-18,216,Mainstem South,473,246,Control,10:35,,1,50,5,1.523925632,Snorkel Downstream,Observer,0,5,40,115,0,0,110,110 HH,3848
2020-03-03,216,Mainstem South,473,246,Control,12:45,,1,62.6,10,3.047851265,Snorkel Downstream,Observer,0,0,10,160,0,0,0,,5551
2020-06-02,216,Mainstem South,473,246,Control,13:30,,1,60,7,2.133495885,Snorkel Downstream,Observer,25,0,0,3,0,0,301,301MINNOWS,10905
2020-06-18,216,Mainstem South,473,246,Control,9:45,,1,56,6,1.828710759,Snorkel Downstream,Observer,0,0,0,0,0,3,63,"3 larval, 55 Sac Suc, 5 TSS",11903
2019-11-18,221,Rio Vista (BOTTOM),505,247,Impact,9:50,,1,55,8,2.438281012,Snorkel Downstream,Observer,2,1,0,0,0,0,157,"117HH, 30SS, 10TSB",4680
2019-11-26,221,Rio Vista (BOTTOM),505,247,Impact,9:45,,3,54,5,1.523925632,Snorkel Downstream,Observer,0,5,0,0,0,0,197,"160 HH, 1 RiffScu, 36 Suckers",4829
2020-01-06,221,Rio Vista (BOTTOM),505,247,Impact,10:00,,1,51,8,2.438281012,Snorkel Downstream,Observer,0,0,0,0,0,0,1,1 HH,5035
2020-02-03,221,Rio Vista (BOTTOM),505,247,Impact,10:30,,1,49,8,2.438281012,Snorkel Downstream,Observer,0,0,1,0,0,0,0,fish spoted size-60-70mm,4617
2020-02-18,221,Rio Vista (BOTTOM),505,247,Impact,12:30,,1,53.6,10,3.047851265,Snorkel Downstream,Observer,0,95,65,113,2,0,0,,3819
2020-04-20,221,Rio Vista (BOTTOM),505,247,Impact,10:45,,2,58,5,1.523925632,Snorkel Downstream,Observer,1,0,3,17,0,0,735,"700 larval juveniles, 12 TSS, 21 HH, 2 SACSUC",7520
2020-04-20,221,Rio Vista (BOTTOM),505,247,Impact,10:45,,2,58,5,1.523925632,Snorkel Downstream,Observer,1,0,3,17,0,0,735,"12- TSS, 700 Larval Fish, 2 - SS, 21 HH,",7520
2020-05-12,221,Rio Vista (BOTTOM),505,247,Impact,9:15,,3,52.5,10,3.047851265,Snorkel Downstream,Observer,0,0,0,0,1,0,3521,"3500-Larval fish,",9828
2020-05-27,221,Rio Vista (BOTTOM),505,247,Impact,10:30,,1,59,8,2.438281012,Snorkel Downstream,Observer,0,0,2,3,0,0,2330,2330 minnows,9073
2020-06-18,221,Rio Vista (BOTTOM),505,247,Impact,11:35,,1,57,7,2.133495885,Snorkel Downstream,Observer,0,0,0,0,0,0,195,"95 Sac Suc, 100 Larval Fish",12005
2020-07-02,221,Rio Vista (BOTTOM),505,247,Impact,10:20,,1,56,7,2.133495885,Snorkel Downstream,Observer,0,0,0,0,0,0,715,"713-Cyprinid, 2-HH",12634
2016-09-22,211,Rio Vista (TOP),433,247,Baseline,13:00,,1,57,5,1.523925632,Snorkel Downstream,Observer,0,0,0,0,0,0,62,"55 HH, 1 SS, 6 TSS",8415
2017-07-24,211,Rio Vista (TOP),433,247,Baseline,10:30,,1,56,7,2.133495885,Snorkel Downstream,Observer,0,0,0,0,0,0,432,291 TSS 61 HH 70 SS 10 TP,11328
2017-08-07,211,Rio Vista (TOP),433,247,Baseline,13:00,,1,59,4,1.219140506,Snorkel Downstream,Observer,0,0,0,0,0,0,0,,11014
2017-08-23,211,Rio Vista (TOP),433,247,Baseline,9:30,,1,56,7,2.133495885,Snorkel Downstream,Observer,0,0,0,0,3,0,125,"97 HH, 27 TSS, 1 SS",11199
2017-09-20,211,Rio Vista (TOP),433,247,Baseline,9:40,,2,54.7,8,2.438281012,Snorkel Downstream,Observer,0,0,0,0,0,0,104,"100HH, 3 SS, 1TSB mort",10118
2017-10-05,211,Rio Vista (TOP),433,247,Baseline,9:40,,1,54,4.5,1.371533069,Snorkel Downstream,Observer,0,0,0,0,5,0,21,"20 SS, 1 PM",9086
2017-10-18,211,Rio Vista (TOP),433,247,Baseline,9:20,,1,52,9,2.743066138,Snorkel Downstream,Observer,0,2,0,0,0,0,53,"40 SS, 13 HH, WR had fungus on tail",8444
2017-11-01,211,Rio Vista (TOP),433,247,Baseline,9:50,,1,52,9,2.743066138,Snorkel Downstream,Observer,0,0,0,0,1,0,78,"25 SS, 50 HH, 3 TSS",8732
2017-11-15,211,Rio Vista (TOP),433,247,Baseline,9:40,,4,52,7,2.133495885,Snorkel Downstream,Observer,0,0,0,0,0,0,189,"110 HH, 75 SS, 4 TSS",6118
2018-03-29,211,Rio Vista (TOP),433,247,Baseline,12:00,,2,60,2,0.609570253,Snorkel Downstream,Observer,0,0,0,0,0,0,0,,5384
2018-05-14,211,Rio Vista (TOP),433,247,Baseline,13:00,,1,60,8,2.438281012,Snorkel Downstream,Observer,0,0,0,0,0,0,1142,"140HH, 1000SACSUC, 2TP",9443
2018-06-14,211,Rio Vista (TOP),433,247,Baseline,9:45,,1,59,8,2.438281012,Snorkel Downstream,Observer,0,0,0,0,0,0,112,"51 HH, 57 SACSUC, 3 TP, 1 TSS",11056
2018-07-10,211,Rio Vista (TOP),433,247,Baseline,13:42,,1,60,10,3.047851265,Snorkel Downstream,Observer,0,0,0,0,0,0,216,"80 PM, 73 TSS, 63 HH",13106
2018-07-24,211,Rio Vista (TOP),433,247,Baseline,9:46,,1,60,8,2.438281012,Snorkel Downstream,Observer,0,0,0,0,0,0,656,"330 HH, 6 TSB, 320 SS",13047
2018-08-06,211,Rio Vista (TOP),433,247,Baseline,12:30,,3,56,10,3.047851265,Snorkel Downstream,Observer,0,0,0,0,0,3,166,"54 TSS, 100 HH, 12 SS, 1 PM Adult, 2 HH adults",12122
2018-08-21,211,Rio Vista (TOP),433,247,Baseline,9:55,,1,58,10,3.047851265,Snorkel Downstream,Observer,0,0,0,0,0,14,0,"14 HH, 3 turtle, 1 minnow",10835
2018-09-05,211,Rio Vista (TOP),433,247,Baseline,12:30,,1,60,10,3.047851265,Snorkel Downstream,Observer,0,0,0,0,0,0,0,,9551
2018-09-17,211,Rio Vista (TOP),433,247,Baseline,12:30,,1,58,10,3.047851265,Snorkel Downstream,Observer,1,0,0,0,1,0,82,"80 HH, 2 TSS",8640
2018-10-01,211,Rio Vista (TOP),433,247,Baseline,11:30,,3,55,8,2.438281012,Snorkel Downstream,Observer,0,0,0,0,1,0,0,,7680
2019-07-15,211,Rio Vista (TOP),433,247,Baseline,14:00,,1,60,8,2.438281012,Snorkel Downstream,Observer,0,0,0,0,3,0,480,"25 SS, 455 HH, (* 120 MINNOWS)",NA
2019-08-15,211,Rio Vista (TOP),433,247,Baseline,9:50,,1,59,10,3.047851265,Snorkel Downstream,Observer,0,4,0,0,27,0,3523,"2132 HH, 841sacsuc, 500Pkm, 50TSS",11373
2019-09-19,211,Rio Vista (TOP),433,247,Baseline,13:50,,1,60,10,3.047851265,Snorkel Downstream,Observer,27,170,0,0,4,0,225,"210HH, 15sacsuc",8419
2019-11-18,211,Rio Vista (TOP),396,247,Impact,9:30,,1,55,10,3.047851265,Snorkel Downstream,Observer,15,57,0,0,0,0,266,"225HH, 15SS, 26TSB",4680
2019-11-26,211,Rio Vista (TOP),396,247,Impact,9:25,,3,54,2,0.609570253,Snorkel Downstream,Observer,0,0,0,0,0,0,88,88 HH,4829
2020-01-06,211,Rio Vista (TOP),396,247,Impact,9:30,,1,49,8,2.438281012,Snorkel Downstream,Observer,0,1,0,0,0,0,1,1 RIFSCU,5090
2020-02-03,211,Rio Vista (TOP),396,247,Impact,9:40,,1,49,3,0.914355379,Snorkel Downstream,Observer,0,0,0,0,0,1,0,1 adult PM,4733
2020-02-18,211,Rio Vista (TOP),396,247,Impact,12:10,,1,53.6,10,3.047851265,Snorkel Downstream,Observer,0,0,0,0,0,0,0,,3838
2020-03-03,211,Rio Vista (TOP),396,247,Impact,13:40,,1,60.6,8,2.438281012,Snorkel Downstream,Observer,0,0,3,272,0,0,1,1HH,5516
2020-04-01,211,Rio Vista (TOP),396,247,Impact,12:35,,1,49,6,1.828710759,Snorkel Downstream,Observer,0,0,1,30,1,0,7,,5156
2020-05-27,211,Rio Vista (TOP),396,247,Impact,9:45,,1,59,8,2.438281012,Snorkel Downstream,Observer,0,0,0,80,26,0,2603,"1920 minnows, 495 sacsuc, 178 HH, 3 tsb, 7pkm",9029
2020-06-18,211,Rio Vista (TOP),396,247,Impact,11:20,,1,57,7,2.133495885,Snorkel Downstream,Observer,0,0,0,0,2,0,2,1 Adult Trout,12005
2020-07-02,211,Rio Vista (TOP),396,247,Impact,10:00,,1,56,6,1.828710759,Snorkel Downstream,Observer,0,0,0,0,1,1,0,1 adult PKM,12708
2016-07-13,205,Lake California,1623,269.5,Baseline,10:00,,1,55,6,1.828710759,Snorkel Downstream,Observer,0,0,0,0,0,0,155,"65 PM, 90 SS",10500
2016-08-25,205,Lake California,1623,269.5,Baseline,10:00,,1,55,8,2.438281012,Snorkel Downstream,Observer,0,0,0,0,0,0,300,"200 PM, 100 SS",10400
2016-09-22,205,Lake California,1623,269.5,Baseline,10:00,,1,53,7,2.133495885,Snorkel Downstream,Observer,1,0,0,0,8,0,85,"81 PM, 4 SS",8415
2017-07-24,205,Lake California,1623,269.5,Baseline,11:00,,1,55,7,2.133495885,Snorkel Downstream,Observer,0,0,0,0,0,0,0,,11328
2017-08-07,205,Lake California,1623,269.5,Baseline,10:15,,1,55,5,1.523925632,Snorkel Downstream,Observer,0,0,0,0,3,0,147,"140 sacsuc, 6 PM, 1 TP",11014
2017-08-21,205,Lake California,1623,269.5,Baseline,10:20,,2,55,9,2.743066138,Snorkel Downstream,Observer,0,0,0,0,6,0,0,,11057
2017-09-06,205,Lake California,1623,269.5,Baseline,9:45,,2,54.7,5,1.523925632,Snorkel Downstream,Observer,0,0,0,0,6,0,0,,10107
2017-09-18,205,Lake California,1623,269.5,Baseline,11:00,,3,52.1,9,2.743066138,Snorkel Downstream,Observer,0,0,0,0,1,0,0,,10067
2017-10-03,205,Lake California,1623,269.5,Baseline,10:15,,1,58,5,1.523925632,Snorkel Downstream,Observer,0,0,0,0,22,0,4,"2 PM, 2 SS",9190
2017-10-16,205,Lake California,1623,269.5,Baseline,11:00,,1,51,10,3.047851265,Snorkel Downstream,Observer,0,0,0,0,13,0,757,"701 SS, 56 HH",8424
2017-10-30,205,Lake California,1623,269.5,Baseline,10:00,,1,52,9,2.743066138,Snorkel Downstream,Observer,0,0,0,0,7,0,196,"35 HH, 61 SS, 100TSS",8708
2017-11-13,205,Lake California,1623,269.5,Baseline,10:20,,3,54,8,2.438281012,Snorkel Downstream,Observer,0,0,0,0,38,0,83,"60 SS, 16 HH, 7 TSS",6194
2017-11-29,205,Lake California,1623,269.5,Baseline,10:20,,2,51,10,3.047851265,Snorkel Downstream,Observer,0,0,0,0,0,0,308,"190 SS, 100 SB, 18 HH, 103 RT",5948
2017-12-29,205,Lake California,1623,269.5,Baseline,11:15,,2,48,9,2.743066138,Snorkel Downstream,Observer,0,1,0,0,3,0,94,"63 HH, 1 STB, 30 SS",5637
2018-01-11,205,Lake California,1623,269.5,Impact,12:00,,3,51,5,1.523925632,Snorkel Downstream,Observer,0,2,0,0,17,0,15,"6 HH, 9SS",5369
2018-02-06,205,Lake California,1623,269.5,Impact,11:15,,1,51,10,3.047851265,Snorkel Downstream,Observer,0,198,0,0,19,0,129,"118 HH, 8 TSS, 2 STB, 1 RIFSCU",5201
2018-02-20,205,Lake California,1623,269.5,Impact,10:20,,2,50,10,3.047851265,Snorkel Downstream,Observer,0,115,0,0,1,0,345,190HH 150 SACSUC 4STB 1 LAMSPP,4259
2018-03-08,205,Lake California,1623,269.5,Impact,10:00,,3,52,10,3.047851265,Snorkel Downstream,Observer,0,40,0,60,0,0,225,"101 SACSUC, 100 TSS, 20 HH, 2 TP, 2 SACPIK",4354
2018-03-20,205,Lake California,1623,269.5,Impact,10:30,,3,53,6,1.828710759,Snorkel Downstream,Observer,0,9,0,15,3,0,72,"51 sacsuc, 21 hardhead",5096
2018-04-03,205,Lake California,1623,269.5,Impact,11:00,,1,54,9,2.743066138,Snorkel Downstream,Observer,0,0,1,110,9,0,439,"275 sacsuc, 141 HH, 20 stb, 2 TP, 1 rifscu",5166
2018-04-19,205,Lake California,1623,269.5,Impact,11:45,,1,53,8,2.438281012,Snorkel Downstream,Observer,0,109,0,19,1,0,207,"168 HH, 35 sacsuc, 1 TP, 1 rifscu",5505
2018-05-03,205,Lake California,1623,269.5,Impact,11:15,,1,54,9,2.743066138,Snorkel Downstream,Observer,1,31,0,54,1,0,336,"235 HH, 101 SS WR Were ad-clipped",8228
2018-05-14,205,Lake California,1623,269.5,Impact,9:35,,1,53,8,2.438281012,Snorkel Downstream,Observer,0,18,0,8,4,0,277,"121HH, 155SACSUC, 1 adult RBT",9443
2018-05-31,205,Lake California,1623,269.5,Impact,10:15,,1,54,5,1.523925632,Snorkel Downstream,Observer,0,0,0,11,1,0,246,"245 HH, 1 SACSUC",9738
2018-06-12,205,Lake California,1623,269.5,Impact,10:45,,1,56,10,3.047851265,Snorkel Downstream,Observer,0,0,0,0,0,0,135,"111 HH, 1 sculpin, 21 SS",10592
2018-06-26,205,Lake California,1623,269.5,Impact,10:26,,1,54,9,2.743066138,Snorkel Downstream,Observer,0,0,0,0,2,1,68,"42 HH, 15 SS, 10 TSS, 1 sculpin, 1 adult trout",12381
2018-07-10,205,Lake California,1623,269.5,Impact,9:30,,1,56,8,2.438281012,Snorkel Downstream,Observer,0,0,0,0,28,12,73,"12 adult PM, 69 hh, 4 tss",13106
2018-07-24,205,Lake California,1623,269.5,Impact,12:20,,1,60,10,3.047851265,Snorkel Downstream,Observer,0,0,0,0,14,4,372,"TSS, HH, PM, SS",13047
2018-08-06,205,Lake California,1623,269.5,Impact,9:07,,3,56,10,3.047851265,Snorkel Downstream,Observer,0,0,0,35,35,23,91,"9 PM, 64 HH, 12 TSS, 6 SS",12122
2018-08-21,205,Lake California,1623,269.5,Impact,11:59,,1,58,10,3.047851265,Snorkel Downstream,Observer,0,0,0,0,13,22,11,"25 HH, 1 sacsuc",10835
2018-09-05,205,Lake California,1623,269.5,Impact,9:45,,1,58,9,2.743066138,Snorkel Downstream,Observer,0,0,0,6,5,2,302,2 adult HH,9551
2018-09-17,205,Lake California,1623,269.5,Impact,9:15,,1,55,6,1.828710759,Snorkel Downstream,Observer,2,2,0,2,7,1,174,"1 adult RT, 114 HH, 60 SS",8640
2018-10-01,205,Lake California,1623,269.5,Impact,9:26,,3,56,8,2.438281012,Snorkel Downstream,Observer,0,8,0,0,22,52,100,"HH, 2 adult trout",7680
2018-10-15,205,Lake California,1623,269.5,Impact,9:30,,1,56,7,2.133495885,Snorkel Downstream,Observer,37,18,0,17,32,0,301,"300 Hardhead, 1 Sucker",7212
2018-11-07,205,Lake California,1623,269.5,Impact,9:00,,1,55,6,1.828710759,Snorkel Downstream,Observer,41,48,0,0,13,4,83,83 HH,5387
2018-11-26,205,Lake California,1623,269.5,Impact,9:30,,3,56,6,1.828710759,Snorkel Downstream,Observer,6,3,0,0,8,0,300,300 HH,5280
2018-12-12,205,Lake California,1623,269.5,Impact,9:45,,1,53,5,1.523925632,Snorkel Downstream,Observer,2,20,0,0,26,2,181,"1 adult trout, 160 HH(1 adult), 9 SS, 12 PM, 1 LMB",4908
2019-01-02,205,Lake California,1623,269.5,Impact,10:30,,1,51,9,2.743066138,Snorkel Downstream,Observer,0,0,0,21,2,0,0,,5316
2019-01-31,205,Lake California,1623,269.5,Impact,12:30,,1,56,6,1.828710759,Snorkel Downstream,Observer,0,0,0,104,0,0,207,207 HH,5634
2019-07-15,205,Lake California ,1623,269.5,Impact,10:14,,1,58,8,2.438281012,Snorkel Downstream,Observer,0,0,0,2,3,0,70,"45 SS, 25 HH (* 3000+ MINNOWS)",NA
2019-08-15,205,Lake California ,1623,269.5,Impact,13:50,,1,61,10,3.047851265,Snorkel Downstream,Observer,1,20,0,0,16,0,172,"140 HH, 30sacsuc, 2 trout adults",11404
2019-09-19,205,Lake California ,1623,269.5,Impact,10:20,,1,58,7,2.133495885,Snorkel Downstream,Observer,105,131,0,0,8,0,0,,8419
2019-10-21,205,Lake California ,1623,269.5,Impact,10:09,,1,56,10,3.047851265,Snorkel Downstream,Observer,290,643,0,30,24,0,65,"60HH, 2SS, 3tsb",6649
2019-10-22,205,Lake California ,1623,269.5,Impact,10:15,,1,56,10,3.047851265,Snorkel Downstream,Observer,290,623,0,30,24,0,0,"2 TSB, 60HH, 4SS",8690
2019-11-11,205,Lake California ,1623,269.5,Impact,9:15,,1,57,7,2.133495885,Snorkel Downstream,Observer,0,61,0,1,6,0,110,"90HH, 20SS",5046
2020-01-07,205,Lake California ,1623,269.5,Impact,9:40,,1,50.7,10,3.047851265,Snorkel Downstream,Observer,0,27,0,2,2,0,0,"51 HH, 1 sculp, 41 skr",5112
2020-01-21,205,Lake California ,1623,269.5,Impact,9:30,,3,50,10,3.047851265,Snorkel Downstream,Observer,0,14,0,175,8,3,20,"20 HH, 2 adult HH, 1 adult rbt",5035
2020-02-04,205,Lake California ,1623,269.5,Impact,9:15,,1,49,5,1.523925632,Snorkel Downstream,Observer,0,381,0,206,17,0,0,"5HH/PM, 1 tadpole",4421
2020-02-24,205,Lake California ,1623,269.5,Impact,9:00,,1,49,10,3.047851265,Snorkel Downstream,Observer,0,0,91,593,30,0,1,1 scu,5057
2020-03-03,205,Lake California ,1623,269.5,Impact,10:20,,1,62.6,10,3.047851265,Snorkel Downstream,Observer,0,32,292,389,0,0,55,55HH,5471
2020-03-26,205,Lake California ,1623,269.5,Impact,10:00,,1,49,7,2.133495885,Snorkel Downstream,Observer,0,0,27,190,0,0,23,"CYPR - 21, BGL - 1, SCU - 1",4701
2020-04-14,205,Lake California ,1623,269.5,Impact,9:30,,1,52,5,1.523925632,Snorkel Downstream,Observer,6,55,85,91,0,50,1101,"50 HH adults. 1100 larval fish, 1 TSS",5189
2020-05-11,205,Lake California ,1623,269.5,Impact,10:00,,3,53,10,3.047851265,Snorkel Downstream,Observer,0,0,0,0,6,0,6131,"6071-CYP, 60-SS",9874
2020-06-02,205,Lake California ,1623,269.5,Impact,9:00,,1,59,8,2.438281012,Snorkel Downstream,Observer,0,0,3,7,22,2,995,"2PKM, 2TSS, 989MINNOW, 1SACSUC, 1RBT",10775
2020-06-18,205,Lake California ,1623,269.5,Impact,12:25,,1,55,7,2.133495885,Snorkel Downstream,Observer,0,0,0,0,1,4,0,4 Adult Rainbow Trout,12391
2017-06-14,214,Mainstem North,301,272,Control,10:35,,1,56,6,1.828710759,Snorkel Downstream,Observer,0,0,0,2,1,0,2,2 suckers,11679
2017-07-24,214,Mainstem North,301,272,Control,12:30,,1,55,6,1.828710759,Snorkel Downstream,Observer,0,0,0,0,0,0,0,,11328
2017-08-07,214,Mainstem North,301,272,Control,11:50,,1,55,10,3.047851265,Snorkel Downstream,Observer,0,0,0,0,3,0,0,,11014
2017-08-21,214,Mainstem North,301,272,Control,12:40,,1,54,9,2.743066138,Snorkel Downstream,Observer,0,0,0,0,2,0,240,240 Sac Suckers,11057
2017-09-06,214,Mainstem North,301,272,Control,12:15,,2,54.1,7,2.133495885,Snorkel Downstream,Observer,0,0,0,0,0,0,0,,10107
2017-09-18,214,Mainstem North,301,272,Control,12:20,,2,52.4,9,2.743066138,Snorkel Downstream,Observer,0,0,0,0,0,0,0,,10067
2017-10-03,214,Mainstem North,301,272,Control,12:30,,1,57,8,2.438281012,Snorkel Downstream,Observer,0,0,0,0,9,0,0,,9190
2017-10-16,214,Mainstem North,301,272,Control,12:55,,1,52,10,3.047851265,Snorkel Downstream,Observer,0,0,0,0,12,0,0,,8424
2017-10-30,214,Mainstem North,301,272,Control,11:25,,1,52,8,2.438281012,Snorkel Downstream,Observer,0,0,0,0,9,0,0,,8708
2017-11-13,214,Mainstem North,301,272,Control,11:40,,3,53,8,2.438281012,Snorkel Downstream,Observer,0,2,0,0,0,0,0,,6194
2017-11-29,214,Mainstem North,301,272,Control,12:15,,2,50,7,2.133495885,Snorkel Downstream,Observer,0,0,0,0,0,0,0,,5948
2017-12-29,214,Mainstem North,301,272,Control,13:15,,2,48,9,2.743066138,Snorkel Downstream,Observer,0,0,0,0,0,0,0,,5637
2018-01-11,214,Mainstem North,301,272,Control,14:00,,3,50,5,1.523925632,Snorkel Downstream,Observer,0,0,0,0,0,0,1,1 SS,5369
2018-02-06,214,Mainstem North,301,272,Control,13:30,,1,51,10,3.047851265,Snorkel Downstream,Observer,0,17,0,0,0,0,0,,5201
2018-02-22,214,Mainstem North,301,272,Control,15:00,,2,51,10,3.047851265,Snorkel Downstream,Observer,0,0,0,0,0,0,0,,4226
2018-03-08,214,Mainstem North,301,272,Control,13:23,,3,52,10,3.047851265,Snorkel Downstream,Observer,0,0,0,0,0,0,0,,4354
2018-03-20,214,Mainstem North,301,272,Control,12:35,,3,53,7,2.133495885,Snorkel Downstream,Observer,0,0,0,0,0,0,0,,5096
2018-04-19,214,Mainstem North,301,272,Control,13:40,,1,54,4,1.219140506,Snorkel Downstream,Observer,0,0,0,0,0,0,0,,5505
2018-05-03,214,Mainstem North,301,272,Control,13:00,,1,54,8,2.438281012,Snorkel Downstream,Observer,0,0,0,0,0,0,200,200 SS,8228
2018-05-14,214,Mainstem North,301,272,Control,14:35,,1,58,9,2.743066138,Snorkel Downstream,Observer,0,0,0,0,3,0,166,"115HH, 11SACSUC",9443
2018-05-31,214,Mainstem North,301,272,Control,11:45,,1,54,8,2.438281012,Snorkel Downstream,Observer,0,0,0,0,0,0,0,,9738
2018-06-12,214,Mainstem North,301,272,Control,12:50,,1,59,10,3.047851265,Snorkel Downstream,Observer,0,0,0,0,0,0,0,,10592
2018-07-10,214,Mainstem North,301,272,Control,11:20,,1,56,10,3.047851265,Snorkel Downstream,Observer,0,0,0,0,0,0,0,,13106
2018-07-24,214,Mainstem North,301,272,Control,11:54,,1,59,10,3.047851265,Snorkel Downstream,Observer,0,0,0,0,3,0,1,1 TSS,13047
2018-08-21,214,Mainstem North,301,272,Control,13:24,,1,58,10,3.047851265,Snorkel Downstream,Observer,0,0,0,0,0,1,0,1 HH,10835
2018-09-05,214,Mainstem North,301,272,Control,10:48,,1,58,6,1.828710759,Snorkel Downstream,Observer,0,0,0,0,0,0,0,,9551
2018-09-17,214,Mainstem North,301,272,Control,10:30,,1,54,10,3.047851265,Snorkel Downstream,Observer,0,0,0,0,0,0,0,,8640
2018-10-01,214,Mainstem North,301,272,Control,10:40,,3,54,8,2.438281012,Snorkel Downstream,Observer,0,1,0,0,0,0,0,,7680
2018-10-15,214,Mainstem North,301,272,Control,10:30,,1,56,7,2.133495885,Snorkel Downstream,Observer,0,0,0,0,5,0,0,,7926
2018-11-07,214,Mainstem North,301,272,Control,10:00,,1,55,7,2.133495885,Snorkel Downstream,Observer,0,0,0,0,2,0,0,,4607
2018-11-26,214,Mainstem North,301,272,Control,10:45,,3,55,6,1.828710759,Snorkel Downstream,Observer,0,0,0,0,0,0,0,,5280
2019-01-31,214,Mainstem North,301,272,Control,13:30,,1,56,4,1.219140506,Snorkel Downstream,Observer,0,0,0,25,0,0,0,,5634
2019-07-15,214,Mainstem North,301,272,Control,12:00,,1,58,8,2.438281012,Snorkel Downstream,Observer,2,0,0,0,0,0,40,40 HH (*1200 MINNOWS),NA
2019-08-15,214,Mainstem North,301,272,Control,14:20,,1,59,5.6,1.706796708,Snorkel Downstream,Observer,0,0,0,7,20,0,100,100HH,11263
2019-09-19,214,Mainstem North,301,272,Control,12:07,,1,59,10,3.047851265,Snorkel Downstream,Observer,0,187,0,0,0,0,0,,8349
2019-10-21,214,Mainstem North,301,272,Control,11:50,,1,56,10,3.047851265,Snorkel Downstream,Observer,10,100,0,0,0,0,0,,6700
2019-10-22,214,Mainstem North,301,272,Control,11:30,,1,55,8,2.438281012,Snorkel Downstream,Observer,10,100,0,0,0,0,0,,8733
2019-11-11,214,Mainstem North,301,272,Control,10:15,,1,57,7,2.133495885,Snorkel Downstream,Observer,0,160,0,0,0,0,75,75HH,5024
2020-01-07,214,Mainstem North,301,272,Control,11:04,,1,50.7,3,0.914355379,Snorkel Downstream,Observer,0,1,0,1,0,0,0,,5057
2020-01-21,214,Mainstem North,301,272,Control,11:00,,3,50,10,3.047851265,Snorkel Downstream,Observer,0,3,0,20,0,0,0,,5222
2020-02-03,214,Mainstem North,301,272,Control,12:40,,1,49,6,1.828710759,Snorkel Downstream,Observer,0,0,75,15,0,0,0,15:40-50mm 75:60-70mm,4628
2020-02-24,214,Mainstem North,301,272,Control,10:30,,1,49,7,2.133495885,Snorkel Downstream,Observer,0,0,0,3,0,0,0,,5013
2020-03-03,214,Mainstem North,301,272,Control,9:40,,1,62.6,10,3.047851265,Snorkel Downstream,Observer,0,0,4,165,0,0,1,1 red-eared slider,5493
2020-06-02,214,Mainstem North,301,272,Control,10:30,,1,59,7,2.133495885,Snorkel Downstream,Observer,0,0,0,0,0,0,514,514MINNOWS,10840
2020-06-18,214,Mainstem North,301,272,Control,13:35,,1,54,8,2.438281012,Snorkel Downstream,Observer,0,0,0,0,0,0,0,,12319
2016-08-12,217,Reading Island (BOTTOM),267,274,Baseline,9:00,,1,70,2,0.609570253,Snorkel Downstream,Observer,0,0,0,0,0,2,0,"2 LarBass, Kayak survey",10558
2018-06-15,217,Reading Island (BOTTOM),267,274,Baseline,10:08,,1,53,10,3.047851265,Snorkel Downstream,Observer,0,0,0,325,162,0,0,,10584
2019-08-22,217,Reading Island (BOTTOM),267,274,Baseline,10:50,,1,74,5.6,1.706796708,Snorkel Downstream,Observer,0,0,0,0,0,1,17,"17HH, 1 large mouth bass, 1 turtle",10691
2019-09-20,217,Reading Island (BOTTOM),267,274,Baseline,11:45,,1,61.8,7,2.133495885,Snorkel Downstream,Observer,0,0,0,0,0,4,22,26 HH total,8015
2019-11-26,217,Reading Island (BOTTOM),267,274,Baseline,12:50,,4,48,10,3.047851265,Snorkel Downstream,Observer,0,0,0,0,0,0,0,No fish,4861
2020-01-03,217,Reading Island (BOTTOM),267,274,Impact,13:06,,1,50,10,3.047851265,Snorkel Downstream,Observer,0,0,0,0,0,0,0,,5013
2020-02-05,217,Reading Island (BOTTOM),267,274,Impact,11:45,,3,46,3,0.914355379,Snorkel Downstream,Observer,0,0,0,0,0,0,0,,4269
2020-03-05,217,Reading Island (BOTTOM),267,274,Impact,9:28,,1,53.6,5,1.523925632,Snorkel Downstream,Observer,0,0,0,134,0,0,0,"1 snorkeler, both sides",5408
2020-03-30,217,Reading Island (BOTTOM),267,274,Impact,13:00,,3,50,1,0.304785126,Snorkel Downstream,Observer,0,0,0,0,0,0,0,,5256
2020-06-03,217,Reading Island (BOTTOM),267,274,Impact,11:35,,1,60,6,1.828710759,Snorkel Downstream,Observer,0,0,0,0,0,0,0,,10727
2020-06-23,217,Reading Island (BOTTOM),267,274,Impact,10:00,,1,57,8,2.438281012,Snorkel Downstream,Observer,1,0,0,0,0,0,45,"44 Larval Fish, 1 Sac Suc",12319
2020-01-03,223,Reading Island (MIDDLE),498,274,Impact,11:30,,1,52,10,3.047851265,Snorkel Downstream,Observer,0,0,0,0,0,0,0,,5013
2020-02-05,223,Reading Island (MIDDLE),498,274,Impact,11:00,,2,48,4,1.219140506,Snorkel Downstream,Observer,0,0,0,2,0,0,0,,4239
2020-03-04,223,Reading Island (MIDDLE),498,274,Impact,11:00,,1,50,5,1.523925632,Snorkel Downstream,Observer,0,1,44,10,0,0,1,1HH,5608
2020-04-02,223,Reading Island (MIDDLE),498,274,Impact,10:30,,1,49,6,1.828710759,Snorkel Downstream,Observer,0,1,10,60,0,0,1,1 Hard Head,5178
2020-06-03,223,Reading Island (MIDDLE),498,274,Impact,10:15,,1,58,6,1.828710759,Snorkel Downstream,Observer,0,0,0,0,3,0,201,,10759
2020-06-23,223,Reading Island (MIDDLE),498,274,Impact,10:15,,1,57,5,1.523925632,Snorkel Downstream,Observer,0,0,0,0,9,0,0,,12319
2020-01-03,224,Reading Island (TOP),939,274,Impact,10:00,,1,49,10,3.047851265,Snorkel Downstream,Observer,0,20,0,34,19,0,73,"15 HH, 60 PKM, 1 RIFSCU",5013
2020-02-05,224,Reading Island (TOP),939,274,Impact,9:45,,1,48,8,2.438281012,Snorkel Downstream,Observer,0,39,405,198,0,0,17,"11 adult tr, 7 HH, 10 mosquito fsh",4199
2020-03-04,224,Reading Island (TOP),939,274,Impact,10:00,,1,49,9,2.743066138,Snorkel Downstream,Observer,0,61,196,258,0,0,0,,5562
2020-04-02,224,Reading Island (TOP),939,274,Impact,9:30,,1,49,8,2.438281012,Snorkel Downstream,Observer,0,4,17,152,0,0,25,25 Minnows,5256
2020-04-13,224,Reading Island (TOP),939,274,Impact,14:40,,1,51,6,1.828710759,Snorkel Downstream,Observer,0,0,0,4,0,1,0,1 Adult Cyprinidae (Hardhead or Pikeminnow),4628
2020-04-28,224,Reading Island (TOP),939,274,Impact,9:30,,1,54,8,2.438281012,Snorkel Downstream,Observer,0,2,2,3,0,0,1500,1500 larval juveniles,9844
2020-06-03,224,Reading Island (TOP),939,274,Impact,9:30,,1,58,6,1.828710759,Snorkel Downstream,Observer,1,0,0,57,69,0,1899,,10711
2020-06-23,224,Reading Island (TOP),939,274,Impact,9:30,,1,57,6,1.828710759,Snorkel Downstream,Observer,0,0,0,3,18,0,0,"1 Adult Trout, 400 Larval Fish, 100 Cal Roach",12319
2016-08-23,215,Cow Creek,467,280,Baseline,11:00,,1,55,8,2.438281012,Snorkel Downstream,Observer,2,0,0,4,10,0,100,100 PM Potential impact site,10513
2018-05-16,215,Cow Creek,467,280,Baseline,11:24,,2,54,10,3.047851265,Snorkel Downstream,Observer,0,0,0,0,1,0,50,50 pm,9226
2018-05-30,215,Cow Creek,467,280,Baseline,11:00,,1,56,10,3.047851265,Snorkel Downstream,Observer,0,0,0,0,9,0,0,,9516
2018-06-15,215,Cow Creek,467,280,Baseline,11:55,,1,55,10,3.047851265,Snorkel Downstream,Observer,0,0,0,30,13,0,0,,10584
2018-06-25,215,Cow Creek,467,280,Baseline,10:50,,1,54,10,3.047851265,Snorkel Downstream,Observer,0,0,0,8,60,5,0,5 adult RT,12063
2018-07-11,215,Cow Creek,467,280,Baseline,12:01,,1,57,10,3.047851265,Snorkel Downstream,Observer,0,0,0,13,52,1,0,"1 adult trout, 1 adult WR",12994
2018-07-23,215,Cow Creek,467,280,Baseline,11:07,,1,56,10,3.047851265,Snorkel Downstream,Observer,0,0,0,219,48,0,5,5 SS,13070
2018-08-09,215,Cow Creek,467,280,Baseline,9:50,,3,56,10,3.047851265,Snorkel Downstream,Observer,0,0,0,25,126,0,0,,11199
2018-09-05,215,Cow Creek,467,280,Baseline,11:55,,1,57,10,3.047851265,Snorkel Downstream,Observer,2,0,0,1,117,0,695,"670 HH, 20 Dace, 5 TSS",8714
2018-09-18,215,Cow Creek,467,280,Baseline,10:00,,1,55,10,3.047851265,Snorkel Downstream,Observer,8,3,0,9,187,0,427,"100PM, 15 Dace, 5TSS, 1SS, 300HH, 1 Sculpin",8019
2018-10-03,215,Cow Creek,467,280,Baseline,11:10,,2,54,10,3.047851265,Snorkel Downstream,Observer,35,0,0,0,99,0,45,PM,7269
2018-10-17,215,Cow Creek,467,280,Baseline,12:24,,1,56,10,3.047851265,Snorkel Downstream,Observer,3,112,0,0,65,0,0,,7298
2016-08-17,209,Anderson River Park,325,282,Baseline,9:45,,1,69,4,1.219140506,Snorkel Downstream,Video,0,0,0,0,0,0,0,Kayak survey too much vegetation 82 Bass,10521
2018-05-16,209,Anderson River Park,325,282,Baseline,11:00,,2,56,7,2.133495885,Snorkel Downstream,Observer,0,0,0,0,0,0,0,ARP Downstream mouth phase 1,9226
2018-05-16,209,Anderson River Park,325,282,Baseline,10:20,,2,54,10,3.047851265,Snorkel Downstream,Observer,9,0,0,0,0,0,2,"ARP Upstream inlet phase 1, 2 PM",9226
2018-05-30,209,Anderson River Park,325,282,Baseline,10:15,,1,56,10,3.047851265,Snorkel Downstream,Observer,0,0,0,0,2,0,2,2PKM,9516
2018-06-25,209,Anderson River Park,325,282,Baseline,11:28,,1,58,10,3.047851265,Snorkel Downstream,Observer,10,0,0,10,8,0,210,"Temp taken in channel, 10 PM, 200 small minnows",12063
2018-07-11,209,Anderson River Park,325,282,Baseline,11:30,,1,55,10,3.047851265,Snorkel Downstream,Observer,11,0,0,20,22,0,0,,12994
2018-07-23,209,Anderson River Park,325,282,Baseline,10:14,,1,56,10,3.047851265,Snorkel Downstream,Observer,0,0,0,20,15,0,50,50 HH,13070
2018-08-09,209,Anderson River Park,325,282,Baseline,10:40,,3,57,10,3.047851265,Snorkel Downstream,Observer,0,0,0,8,35,0,0,,11199
2018-09-05,209,Anderson River Park,325,282,Baseline,11:20,,1,57,10,3.047851265,Snorkel Downstream,Observer,0,0,0,0,22,0,0,,8714
2018-09-18,209,Anderson River Park,325,282,Baseline,10:40,,1,55,10,3.047851265,Snorkel Downstream,Observer,0,0,0,0,28,0,0,,8019
2018-10-03,209,Anderson River Park,325,282,Baseline,10:25,,2,54,10,3.047851265,Snorkel Downstream,Observer,60,0,0,0,2,0,35,"PM, TSS",7269
2018-10-17,209,Anderson River Park,325,282,Baseline,11:41,,1,56,10,3.047851265,Snorkel Downstream,Observer,25,100,0,0,0,0,10,10 TSS,7298
2018-10-30,209,Anderson River Park,325,282,Baseline,12:20,,1,54,10,3.047851265,Snorkel Downstream,Observer,78,29,0,2,75,0,0,1 adult FR salmon,6004
2019-09-18,209,Anderson River Park,325,282,Baseline,12:14,,2,58,10,3.047851265,Snorkel Downstream,Observer,0,40,0,0,20,0,200,200HH,8391
2020-01-09,209,Anderson River Park,1405,282,Impact,10:00,,1,54,10,3.047851265,Snorkel Downstream,Observer,0,97,0,260,7,0,0,,5024
2020-01-30,209,Anderson River Park,1405,282,Impact,11:00,,1,49,10,3.047851265,Snorkel Downstream,Observer,0,250,388,1350,2,0,0,,5134
2020-02-20,209,Anderson River Park,1405,282,Impact,14:00,,3,48,4,1.219140506,Snorkel Downstream,Observer,0,25,296,272,3,0,35,,4119
2020-03-05,209,Anderson River Park,1405,282,Impact,10:30,,1,50,10,3.047851265,Snorkel Downstream,Observer,0,0,11,237,0,0,0,"1 swimmer, RL then RR",5516
2020-03-30,209,Anderson River Park,1405,282,Impact,11:00,,3,50,6,1.828710759,Snorkel Downstream,Observer,0,0,6,67,3,0,0,,5245
2020-04-13,209,Anderson River Park,1405,282,Impact,10:15,,1,51,6.5,1.981103322,Snorkel Downstream,Observer,41,5,27,167,81,0,0,2 Spawning adult Pacific Lamprey,4680
2020-05-04,209,Anderson River Park,1405,282,Impact,11:40,,1,53,10,3.047851265,Snorkel Downstream,Observer,2,10,6,24,30,0,0,40-HH,9828
2020-06-01,209,Anderson River Park,1405,282,Impact,10:00,,3,56,8,2.438281012,Snorkel Downstream,Observer,53,0,13,122,164,0,0,,10407
2020-06-15,209,Anderson River Park,1405,282,Impact,14:00,,3,56,6,1.828710759,Snorkel Downstream,Observer,7,0,1,0,8,0,0,,12355
2020-01-08,225,Kapusta 1B,751,287,Baseline,12:30,,3,49,10,3.047851265,Snorkel Downstream,Observer,0,0,0,53,0,0,0,,5079
2020-01-23,225,Kapusta 1B,751,287,Baseline,12:00,,3,50,10,3.047851265,Snorkel Downstream,Observer,0,0,0,200,0,0,0,,5035
2020-02-03,225,Kapusta 1B,751,287,Baseline,11:15,,1,52,5,1.523925632,Snorkel Downstream,Observer,0,30,290,695,0,0,0,,4638
2020-02-18,225,Kapusta 1B,751,287,Baseline,12:05,,1,48,4,1.219140506,Snorkel Downstream,Observer,0,0,0,200,0,0,0,,3819
2020-03-03,225,Kapusta 1B,751,287,Baseline,13:30,,1,52,4.5,1.371533069,Snorkel Downstream,Observer,0,15,100,430,0,0,0,,5562
2020-03-24,225,Kapusta 1B,751,287,Baseline,11:00,,4,48,4,1.219140506,Snorkel Downstream,Observer,0,0,0,27,0,0,1,1 Stickleback,4754
2020-04-15,225,Kapusta 1B,751,287,Baseline,10:30,,1,51,7,2.133495885,Snorkel Downstream,Observer,0,0,10,200,2,0,0,top and bottom of section had varying visibility,5771
2020-05-06,225,Kapusta 1B,751,287,Baseline,13:10,,1,51.8,7,2.133495885,Snorkel Downstream,Observer,5,0,0,3,23,0,0,,10014
2020-05-27,225,Kapusta 1B,751,287,Baseline,14:10,,1,60,10,3.047851265,Snorkel Downstream,Observer,193,0,0,46,1,0,0,1 adult ss,9281
2020-06-18,225,Kapusta 1B,751,287,Baseline,9:45,,1,53,8,2.438281012,Snorkel Downstream,Observer,0,0,0,0,0,15,0,15 Pikeminnow,11903
2020-06-30,225,Kapusta 1B,751,287,Baseline,15:40,,1,54,10,3.047851265,Snorkel Downstream,Observer,18,0,0,41,9,0,0,,12678
2020-01-08,226,Kapusta Island,339,287,Control,10:40,,3,49,10,3.047851265,Snorkel Downstream,Observer,47,37,0,44,31,0,6,"1 mosquitofish, 5 unknown salmonids",5013
2020-01-23,226,Kapusta Island,339,287,Baseline,10:45,,3,54,10,3.047851265,Snorkel Downstream,Observer,4,60,0,77,27,0,0,,5046
2020-02-04,226,Kapusta Island,339,287,Baseline,10:20,,1,48,5,1.523925632,Snorkel Downstream,Observer,30,70,238,427,13,0,0,"4TSB, 2 adult Trout",4534
2020-02-19,226,Kapusta Island,339,287,Baseline,12:14,,1,50,10,3.047851265,Snorkel Downstream,Observer,17,142,347,895,20,9,1,,4100
2020-03-03,226,Kapusta Island,339,287,Baseline,12:00,,1,48,4,1.219140506,Snorkel Downstream,Observer,0,20,104,383,2,0,1,"11 adult trout, 1sacsuc",5528
2020-03-25,226,Kapusta Island,339,287,Baseline,9:45,,1,49,10,3.047851265,Snorkel Downstream,Observer,0,5,57,333,7,0,0,,4723
2020-04-15,226,Kapusta Island,339,287,Baseline,12:15,,1,52,6,1.828710759,Snorkel Downstream,Observer,0,21,16,90,15,0,0,,5795
2020-05-06,226,Kapusta Island,339,287,Baseline,11:20,,1,51.6,6,1.828710759,Snorkel Downstream,Observer,0,0,0,2,0,0,0,,9967
2020-05-27,226,Kapusta Island,339,287,Baseline,13:10,,1,60,10,3.047851265,Snorkel Downstream,Observer,12,0,4,69,9,0,3,"1 tsb, 2 ss",9281
2020-06-16,226,Kapusta Island,339,287,Baseline,14:25,,1,54,8,2.438281012,Snorkel Downstream,Observer,16,0,0,4,13,0,3,3TSS,12391
2020-06-29,226,Kapusta Island,339,287,Baseline,11:15,,1,53.5,6,1.828710759,Snorkel Downstream,Observer,0,0,0,0,11,0,0,,12800
2015-12-08,204,Bourbon,301,287.5,Control,14:17,,3,53,5,1.523925632,Snorkel Downstream,Observer,0,4,0,0,15,0,0,,4260
2015-12-15,204,Bourbon,301,287.5,Control,11:15,,1,52,4,1.219140506,Snorkel Upstream,Observer,0,0,0,2,11,0,3,"lamprey, sculpin, tts",4220
2016-02-01,204,Bourbon,301,287.5,Control,12:25,,1,48,5,1.523925632,Snorkel Downstream,Video,0,0,0,0,0,0,0,,3290
2016-02-01,204,Bourbon,301,287.5,Control,13:04,,1,48,5,1.523925632,Snorkel Downstream,Video,0,0,0,0,0,0,0,,3290
2016-02-25,204,Bourbon,301,287.5,Control,12:32,,1,51,4,1.219140506,Snorkel Downstream,Observer,0,2,0,45,0,0,0,,3270
2016-03-02,204,Bourbon,301,287.5,Control,11:25,,2,49,10,3.047851265,Snorkel Downstream,Observer,0,0,0,35,1,0,1,1 Sac sucker,3280
2016-04-12,204,Bourbon,301,287.5,Control,12:50,,4,52,7,2.133495885,Snorkel Downstream,Observer,10,0,0,429,100,0,0,,5070
2016-04-21,204,Bourbon,301,287.5,Control,14:00,,2,59,6,1.828710759,Snorkel Downstream,Observer,0,0,0,445,53,0,0,,5040
2016-04-25,204,Bourbon,301,287.5,Control,10:45,,1,55,5,1.523925632,Snorkel Downstream,Observer,55,0,0,290,35,0,7,"7 TSS,",5040
2016-05-03,204,Bourbon,301,287.5,Control,13:15,,2,58,6,1.828710759,Snorkel Downstream,Observer,0,0,0,260,69,1,1,"1 adult pikeminnow, 1 sac sucker",5550
2016-06-08,204,Bourbon,301,287.5,Control,13:50,,2,58,6,1.828710759,Snorkel Downstream,Observer,475,0,0,840,98,0,2,2 TSS,8050
2016-06-29,204,Bourbon,301,287.5,Control,9:55,,1,53,3.5,1.066747943,Snorkel Downstream,Observer,0,0,0,0,150,0,0,,9010
2016-07-28,204,Bourbon,301,287.5,Control,11:15,,1,54,5.5,1.676318196,Snorkel Downstream,Observer,0,0,0,0,84,0,0,,10554
2016-08-15,204,Bourbon,301,287.5,Control,10:45,,1,53,5,1.523925632,Snorkel Downstream,Observer,5,0,0,0,50,0,1,1 TSS,10530
2016-08-23,204,Bourbon,301,287.5,Control,12:20,,1,54,7,2.133495885,Snorkel Downstream,Observer,17,0,0,0,24,0,0,,10513
2016-09-08,204,Bourbon,301,287.5,Control,13:55,,1,55,8,2.438281012,Snorkel Downstream,Observer,18,1,0,0,35,0,0,,9546
2016-09-15,204,Bourbon,301,287.5,Control,13:00,,1,55,10,3.047851265,Snorkel Downstream,Observer,0,1,0,65,188,1,5,"1 adult PM, 5 HH",9041
2016-09-27,204,Bourbon,301,287.5,Control,12:00,,1,52,10,3.047851265,Snorkel Downstream,Observer,82,2,0,1,40,10,0,10 adult RT,7975
2016-10-11,204,Bourbon,301,287.5,Control,11:20,,1,54,10,3.047851265,Snorkel Downstream,Observer,0,8,0,115,116,0,0,1 adult female FR salmon,7012
2016-10-27,204,Bourbon,301,287.5,Control,12:00,,4,53,6,1.828710759,Snorkel Downstream,Observer,1,0,0,45,86,0,0,1 adult trout,5535
2016-11-17,204,Bourbon,301,287.5,Control,13:06,,1,54,9,2.743066138,Snorkel Downstream,Observer,0,0,0,0,87,0,0,,5040
2016-11-29,204,Bourbon,301,287.5,Control,13:30,,1,53,9,2.743066138,Snorkel Downstream,Observer,1,0,0,0,62,0,0,,5035
2016-12-20,204,Bourbon,301,287.5,Control,13:40,,3,51,10,3.047851265,Snorkel Downstream,Observer,1,1,0,1,19,0,0,1 adult trout,5072
2017-06-19,204,Bourbon,301,287.5,Control,10:30,,1,54,4,1.219140506,Snorkel Downstream,Observer,10,0,0,4,131,0,5,"1 BASS, 2 TSS, 2PM",10303
2017-06-19,204,Bourbon,301,287.5,Control,11:25,,2,52,5,1.523925632,Snorkel Downstream,Observer,0,0,0,10,53,0,4,4 STB,10303
2017-07-12,204,Bourbon,301,287.5,Control,13:45,1.4,1,52,6,1.828710759,Snorkel Downstream,Observer,0,0,0,0,100,0,0,,10394
2017-07-25,204,Bourbon,301,287.5,Control,9:45,1.4,1,52,5,1.523925632,Snorkel Downstream,Observer,0,0,0,0,120,0,0,,10666
2017-08-10,204,Bourbon,301,287.5,Control,13:05,15,1,54,7.5,2.285888449,Snorkel Downstream,Observer,0,0,0,0,79,0,0,1 adult RT,10509
2017-08-24,204,Bourbon,301,287.5,Control,13:00,,1,55,5,1.523925632,Snorkel Downstream,Observer,5,0,0,0,59,0,0,,10644
2017-09-05,204,Bourbon,301,287.5,Control,10:00,14,1,53,8,2.438281012,Snorkel Downstream,Observer,0,0,0,0,45,0,0,,9114
2017-09-19,204,Bourbon,301,287.5,Control,10:10,,1,52,5.5,1.676318196,Snorkel Downstream,Observer,0,0,0,0,2,0,0,adult rainbow,9042
2017-10-04,204,Bourbon,301,287.5,Control,11:40,,1,51,10,3.047851265,Snorkel Downstream,Observer,0,1,0,0,1,0,1,1 Sculpin mort,7924
2017-10-17,204,Bourbon,301,287.5,Control,9:55,1,1,51,10,3.047851265,Snorkel Downstream,Observer,0,0,0,0,69,0,0,,8026
2017-11-02,204,Bourbon,301,287.5,Control,11:00,13,3,52,10,3.047851265,Snorkel Downstream,Observer,0,0,0,0,33,0,0,,8075
2017-11-14,204,Bourbon,301,287.5,Control,11:00,9,1,53,10,3.047851265,Snorkel Downstream,Observer,0,0,0,0,16,0,0,8 trout are adults,5383
2017-11-28,204,Bourbon,301,287.5,Control,10:00,9,2,52,10,3.047851265,Snorkel Downstream,Observer,0,0,0,0,15,0,0,,5000
2017-12-15,204,Bourbon,301,287.5,Control,10:45,9,3,51,10,3.047851265,Snorkel Downstream,Observer,0,0,0,0,17,0,1,1 sculpin,5030
2017-12-26,204,Bourbon,301,287.5,Control,10:00,9,2,50,10,3.047851265,Snorkel Downstream,Observer,25,27,0,0,40,0,4,4 sculpin,5072
2018-01-11,204,Bourbon,301,287.5,Control,11:15,7,3,51,10,3.047851265,Snorkel Downstream,Observer,36,2,0,0,24,0,0,,4088
2018-01-22,204,Bourbon,301,287.5,Control,10:00,8,3,50,10,3.047851265,Snorkel Downstream,Observer,0,15,0,0,0,0,0,,4052
2018-02-07,204,Bourbon,301,287.5,Control,11:15,,1,50,10,3.047851265,Snorkel Downstream,Observer,0,41,48,85,0,0,0,,4010
2018-02-21,204,Bourbon,301,287.5,Control,10:35,6.5,1,48,10,3.047851265,Snorkel Downstream,Observer,0,96,0,988,2,0,0,,3246
2018-03-05,204,Bourbon,301,287.5,Control,10:14,,1,48,10,3.047851265,Snorkel Downstream,Observer,0,10,0,165,0,0,0,,3255
2018-03-22,204,Bourbon,301,287.5,Control,11:50,6,3,50,5,1.523925632,Snorkel Downstream,Observer,0,0,0,137,0,0,0,,3201
2018-04-04,204,Bourbon,301,287.5,Control,12:40,0.5,3,52,9,2.743066138,Snorkel Downstream,Observer,0,0,0,0,6,0,0,,3258
2018-04-17,204,Bourbon,301,287.5,Control,12:30,,1,50,10,3.047851265,Snorkel Downstream,Observer,0,105,0,215,31,0,0,,3285
2018-04-30,204,Bourbon,301,287.5,Control,11:24,,1,54,10,3.047851265,Snorkel Downstream,Observer,1,11,0,497,2,0,0,,7058
2018-05-16,204,Bourbon,301,287.5,Control,10:45,15,2,54,10,3.047851265,Snorkel Downstream,Observer,0,0,0,290,0,0,13,"1 sculpin, 12 ss",9226
2018-05-29,204,Bourbon,301,287.5,Control,11:40,,1,54,10,3.047851265,Snorkel Downstream,Observer,0,0,0,233,321,0,2,2 TP,9491
2018-06-15,204,Bourbon,301,287.5,Control,10:50,16,1,53,10,3.047851265,Snorkel Downstream,Observer,0,0,0,23,43,0,0,,10584
2018-06-25,204,Bourbon,301,287.5,Control,13:00,18,1,54,10,3.047851265,Snorkel Downstream,Observer,12,0,0,90,111,4,0,4 adult trout,12063
2018-07-11,204,Bourbon,301,287.5,Control,10:20,19,1,55,10,3.047851265,Snorkel Downstream,Observer,0,0,0,7,152,0,0,,12994
2018-07-24,204,Bourbon,301,287.5,Control,11:30,,1,56,10,3.047851265,Snorkel Downstream,Observer,0,0,0,2,40,0,0,,13044
2018-08-09,204,Bourbon,301,287.5,Control,11:15,17,3,57,10,3.047851265,Snorkel Downstream,Observer,0,0,0,0,27,0,0,,11199
2018-08-23,204,Bourbon,301,287.5,Control,13:45,15.5,1,54,10,3.047851265,Snorkel Downstream,Observer,0,0,0,1,34,0,0,,9541
2018-09-05,204,Bourbon,301,287.5,Control,10:14,15,1,55,10,3.047851265,Snorkel Downstream,Observer,0,0,0,0,13,0,0,,8714
2018-09-18,204,Bourbon,301,287.5,Control,11:30,13.5,1,54,10,3.047851265,Snorkel Downstream,Observer,4,0,0,3,90,0,0,,8019
2018-10-03,204,Bourbon,301,287.5,Control,11:15,1,2,58,10,3.047851265,Snorkel Downstream,Observer,2,0,0,24,38,0,1,1 Hardhead,7269
2018-10-17,204,Bourbon,301,287.5,Control,10:35,13,1,55,10,3.047851265,Snorkel Downstream,Observer,15,10,0,1,107,0,1,1 Sclupin,7298
2018-12-10,204,Bourbon,301,287.5,Control,10:40,8,1,57,10,3.047851265,Snorkel Downstream,Observer,7,29,0,0,40,0,0,Visibility reduced durning snorkel,4018
2019-01-02,204,Bourbon,301,287.5,Control,10:00,,1,48,5,1.523925632,Snorkel Downstream,Observer,0,20,0,520,2,2,0,2 AD LFR,4027
2019-01-29,204,Bourbon,301,287.5,Control,10:20,,1,49,7,2.133495885,Snorkel Downstream,Observer,0,7,0,124,0,0,2,2 Sculp,3249
2019-07-09,204,Bourbon  ,301,287.5,Control,11:24,,1,57,10,3.047851265,Snorkel Downstream,Observer,0,0,0,14,0,0,1,1 TSS,NA
2019-08-14,204,Bourbon  ,301,287.5,Control,13:40,,1,54,10,3.047851265,Snorkel Downstream,Observer,26,3,0,2,133,0,0,,11357
2019-09-18,204,Bourbon  ,301,287.5,Control,11:00,,3,57,10,3.047851265,Snorkel Downstream,Observer,207,9,0,40,177,0,0,,8691
2019-10-23,204,Bourbon  ,301,287.5,Control,10:00,,1,55,5,1.523925632,Snorkel Downstream,Observer,85,398,0,24,57,0,4,"2TSB, 2HH",8661
2019-11-13,204,Bourbon  ,301,287.5,Control,9:20,,1,55,8,2.438281012,Snorkel Downstream,Observer,20,141,0,0,22,0,57,"12HH, 15SS, 30HH",4980
2020-01-06,204,Bourbon  ,301,287.5,Control,12:30,,2,54,10,3.047851265,Snorkel Downstream,Observer,14,79,0,168,18,0,0,,5090
2020-01-21,204,Bourbon  ,301,287.5,Control,11:30,,4,48,7,2.133495885,Snorkel Downstream,Observer,0,132,0,515,4,0,0,,5123
2020-02-03,204,Bourbon  ,301,287.5,Control,14:30,,1,52,6,1.828710759,Snorkel Downstream,Observer,0,16,487,885,1,0,0,,4617
2020-02-18,204,Bourbon  ,301,287.5,Control,14:15,,1,50,8,2.438281012,Snorkel Downstream,Observer,0,16,178,799,5,0,7,"1 sculpin, 1 sacsuc, 2 adult trout,",3838
2020-03-03,204,Bourbon  ,301,287.5,Control,11:15,,1,48,6,1.828710759,Snorkel Downstream,Observer,0,1,137,761,1,0,0,,5516
2020-03-24,204,Bourbon  ,301,287.5,Control,9:45,,4,49,5,1.523925632,Snorkel Downstream,Observer,0,5,101,469,2,0,0,,4754
2020-04-15,204,Bourbon  ,301,287.5,Control,11:30,,1,51,7,2.133495885,Snorkel Downstream,Observer,14,50,96,184,5,0,0,,5760
2020-05-06,204,Bourbon  ,301,287.5,Control,12:45,,1,51.8,10,3.047851265,Snorkel Downstream,Observer,7,0,2,7,0,0,0,,10030
2020-06-01,204,Bourbon  ,301,287.5,Control,11:00,,2,55,10,3.047851265,Snorkel Downstream,Observer,2,0,2,102,373,0,8,8 minnow,10312
2020-06-16,204,Bourbon  ,301,287.5,Control,14:00,,1,54,5,1.523925632,Snorkel Downstream,Observer,0,0,10,50,18,1,0,,12319
2020-06-29,204,Bourbon  ,301,287.5,Control,10:15,,1,54,7,2.133495885,Snorkel Downstream,Observer,1,0,0,0,32,0,0,25 larval cyprinids,12726
2017-06-14,203,Kapusta 1A,291,287.5,,10:45,,1,56,5,1.523925632,Snorkel Downstream,Observer,0,0,0,0,0,0,500,numerous juvenile suckers,10031
2018-04-30,203,Kapusta 1A,291,287.5,Impact,10:40,,1,54,10,3.047851265,Snorkel Downstream,Observer,0,0,0,8,0,0,105,"100 HH, 2 TP, 3 TSS",7058
2018-05-15,203,Kapusta 1A,291,287.5,Impact,12:00,,1,55,10,3.047851265,Snorkel Downstream,Observer,5,0,0,65,1,0,601,"50 TSS, 500 PM, 1 Sculpin, 50 WESMOS",8737
2018-05-29,203,Kapusta 1A,291,287.5,Impact,10:50,,1,53,10,3.047851265,Snorkel Downstream,Observer,14,0,0,65,36,0,145,145 HH,9491
2018-06-11,203,Kapusta 1A,291,287.5,Impact,13:45,,1,55,10,3.047851265,Snorkel Downstream,Observer,80,0,25,75,24,0,0,,9743
2018-06-25,203,Kapusta 1A,291,287.5,Impact,12:15,,1,54,10,3.047851265,Snorkel Downstream,Observer,8,0,0,20,34,0,26,"25 HH, 1 TSS",12063
2018-07-07,203,Kapusta 1A,291,287.5,Impact,10:20,,3,56,10,3.047851265,Snorkel Downstream,Observer,1,0,0,0,99,0,0,,13008
2018-07-11,203,Kapusta 1A,291,287.5,Impact,13:30,,1,54,10,3.047851265,Snorkel Downstream,Observer,0,0,0,55,103,0,0,"PM, Suckers",12994
2018-07-23,203,Kapusta 1A,291,287.5,Impact,12:35,,1,57,10,3.047851265,Snorkel Downstream,Observer,7,0,0,11,0,0,1,1 Rifscu,13070
2018-08-23,203,Kapusta 1A,291,287.5,Impact,13:00,,1,54,10,3.047851265,Snorkel Downstream,Observer,2,0,0,0,111,0,101,"100 PM, 1 TSS",9541
2018-09-05,203,Kapusta 1A,291,287.5,Impact,10:50,,1,55,10,3.047851265,Snorkel Downstream,Observer,0,0,0,0,7,0,0,,8714
2018-09-18,203,Kapusta 1A,291,287.5,Impact,12:45,,1,54,10,3.047851265,Snorkel Downstream,Observer,0,0,0,200,20,0,0,,8019
2018-10-03,203,Kapusta 1A,291,287.5,Impact,12:15,,2,54,10,3.047851265,Snorkel Downstream,Observer,10,0,0,0,55,0,0,,7269
2018-10-17,203,Kapusta 1A,291,287.5,Impact,9:00,,1,54,6,1.828710759,Snorkel Downstream,Observer,0,0,0,0,55,0,163,163 Hardhead,7298
2018-10-30,203,Kapusta 1A,291,287.5,Impact,11:50,,1,54,10,3.047851265,Snorkel Downstream,Observer,1,26,0,4,15,0,105,"100 HH,5PM",6004
2018-11-14,203,Kapusta 1A,291,287.5,Impact,14:00,,2,57,5,1.523925632,Snorkel Downstream,Observer,50,29,0,5,9,0,3,3 HH,4537
2018-12-10,203,Kapusta 1A,291,287.5,Impact,11:00,,1,57,10,3.047851265,Snorkel Downstream,Observer,0,2,0,0,4,0,0,,4018
2019-01-02,203,Kapusta 1A,291,287.5,Impact,10:30,,1,48,5,1.523925632,Snorkel Downstream,Observer,0,1,0,107,0,0,0,,4027
2019-01-29,203,Kapusta 1A,291,287.5,Impact,11:00,,1,49,5,1.523925632,Snorkel Downstream,Observer,0,2,0,224,1,0,61,"60 HH, 1 TSS",3249
2019-07-09,203,Kapusta 1A,291,287.5,Impact,12:50,,1,57,10,3.047851265,Snorkel Downstream,Observer,0,0,0,0,0,0,5,5 HH,NA
2019-08-14,203,Kapusta 1A,291,287.5,Impact,14:30,,1,54,10,3.047851265,Snorkel Downstream,Observer,9,0,0,0,53,0,29,1 rifscu 25TSS 3HH,11310
2019-09-18,203,Kapusta 1A,291,287.5,Impact,10:15,,3,57,8,2.438281012,Snorkel Downstream,Observer,7,18,0,0,24,0,0,,8636
2019-10-23,203,Kapusta 1A,291,287.5,Impact,13:30,,1,51,10,3.047851265,Snorkel Downstream,Observer,8,48,0,0,15,0,0,,8718
2019-11-13,203,Kapusta 1A,291,287.5,Impact,10:15,,1,55,8,2.438281012,Snorkel Downstream,Observer,0,30,0,0,13,0,20,20HH,4894
2020-01-08,203,Kapusta 1A,291,287.5,Impact,11:39,,3,49,10,3.047851265,Snorkel Downstream,Observer,0,26,0,80,3,0,0,,5013
2020-01-21,203,Kapusta 1A,291,287.5,Impact,12:00,,4,48,6.5,1.981103322,Snorkel Downstream,Observer,0,0,0,177,0,0,1,,5189
2020-02-03,203,Kapusta 1A,291,287.5,Impact,10:30,,1,50,6,1.828710759,Snorkel Downstream,Observer,2,40,285,415,0,0,0,"2TSB, 3SCU",4617
2020-02-18,203,Kapusta 1A,291,287.5,Impact,13:30,,1,50,8,2.438281012,Snorkel Downstream,Observer,0,103,315,967,3,0,2,"2 adult trout, 1 scuplin",3838
2020-03-03,203,Kapusta 1A,291,287.5,Impact,14:05,,1,51,5,1.523925632,Snorkel Downstream,Observer,0,0,16,420,0,0,0,,5482
2020-04-02,203,Kapusta 1A,291,287.5,Impact,13:30,,1,49,10,3.047851265,Snorkel Downstream,Observer,0,0,50,494,19,0,0,,5189
2020-04-13,203,Kapusta 1A,291,287.5,Impact,12:15,,1,51,7,2.133495885,Snorkel Downstream,Observer,95,21,12,129,27,0,0,,4680
2020-05-05,203,Kapusta 1A,291,287.5,Impact,13:00,,1,52.6,10,3.047851265,Snorkel Downstream,Observer,0,0,0,0,0,0,0,,9936
2020-05-27,203,Kapusta 1A,291,287.5,Impact,11:40,,1,59,10,3.047851265,Snorkel Downstream,Observer,24,0,1,126,2,0,8,"2 tsb, 6 minnows",9447
2020-06-18,203,Kapusta 1A,291,287.5,Impact,10:30,,1,53,8,2.438281012,Snorkel Downstream,Observer,0,0,0,0,2,0,0,,11818
2020-06-30,203,Kapusta 1A,291,287.5,Impact,15:15,,1,52,7,2.133495885,Snorkel Downstream,Observer,0,0,0,26,9,0,0,,12689
2016-02-03,206,Clear Creek,221,289,Control,10:15,,2,48,9,2.743066138,Snorkel Downstream,Observer,0,24,0,227,0,0,0,,3290
2016-02-05,206,Clear Creek,221,289,Control,10:30,,1,47,6,1.828710759,Snorkel Downstream,Observer,0,9,0,261,0,0,0,,3310
2016-02-05,206,Clear Creek,221,289,Control,11:10,,1,47,6,1.828710759,Snorkel Upstream,Observer,0,8,0,356,1,0,0,,3200
2016-02-25,206,Clear Creek,221,289,Control,13:33,,1,51,4,1.219140506,Snorkel Downstream,Observer,0,0,0,27,222,0,500,500 ciprinids,3260
2016-03-02,206,Clear Creek,221,289,Control,13:35,,1,49,10,3.047851265,Snorkel Downstream,Observer,0,0,0,58,40,0,271,"40 roach, 230 hard head, 1 sunfish",3260
2016-04-12,206,Clear Creek,221,289,Control,11:20,,4,56,10,3.047851265,Snorkel Downstream,Observer,0,0,0,230,55,0,470,"240 PM, 230 HH",5100
2016-04-25,206,Clear Creek,221,289,Control,12:00,,1,56,10,3.047851265,Snorkel Downstream,Observer,0,0,0,77,160,0,702,"700 Hardhead, 2 Sac Suckers,",5030
2016-05-03,206,Clear Creek,221,289,Control,12:35,,2,58,10,3.047851265,Snorkel Downstream,Observer,0,0,0,125,627,0,1569," 1063 HH, 1 sculpin 503 sac suckers, 2 sunfish,",5530
2016-05-11,206,Clear Creek,221,289,Control,13:20,,1,59,5,1.523925632,Snorkel Downstream,Observer,48,0,0,240,102,0,0,,6530
2016-05-12,206,Clear Creek,221,289,Control,13:45,,1,59,10,3.047851265,Snorkel Downstream,Observer,0,0,0,0,338,0,1012,"410 PM, 320 HH, 4 TSS, 260 SS, 18 TP",6560
2016-06-14,206,Clear Creek,221,289,Control,10:10,,2,61,10,3.047851265,Snorkel Downstream,Observer,1,0,0,68,74,0,1659,"9 TSS, 1600 HH, 50 SS",8790
2016-06-29,206,Clear Creek,221,289,Control,11:00,,1,60,6,1.828710759,Snorkel Downstream,Observer,0,0,0,8,300,0,5525,"4000 HARDHE, 1500 SACSUC, 25 THSPST",9020
2016-07-28,206,Clear Creek,221,289,Control,12:50,,1,68,10,3.047851265,Snorkel Downstream,Observer,11,0,0,0,111,27,3278,"1800 HH, 770 SS, 3 TP, 705 PM 27 AdultPM/HH",10554
2016-08-15,206,Clear Creek,221,289,Control,11:50,,1,62,8,2.438281012,Snorkel Downstream,Observer,0,0,0,25,65,0,2002,"1000 HH, 1000 SS 2 TSS",10530
2016-08-23,206,Clear Creek,221,289,Control,12:00,,1,64,10,3.047851265,Snorkel Downstream,Observer,10,0,0,0,9,0,994,900 HH 80 SS 14 PM,10513
2016-09-08,206,Clear Creek,221,289,Control,13:05,,1,64,10,3.047851265,Snorkel Downstream,Observer,17,0,0,0,18,0,1069,"730 HH, 192 SS, 132 PM, 15 tule P.",9546
2016-09-15,206,Clear Creek,221,289,Control,13:50,,1,60,10,3.047851265,Snorkel Downstream,Observer,47,0,0,21,20,0,1340,"685 HH, 500 PM, 150 SS, 5 Tule P.",9041
2016-09-27,206,Clear Creek,221,289,Control,13:20,,1,54,10,3.047851265,Snorkel Downstream,Observer,0,0,0,10,14,0,856,"545 HH, 264 PM, 32 SS, 10 TSS, 5 Tule P.",7975
2016-10-11,206,Clear Creek,221,289,Control,12:15,,1,58,10,3.047851265,Snorkel Downstream,Observer,0,1,0,20,0,0,137,"100PM, 2 SS, 30 HH, 5 Tule P.",7012
2016-10-27,206,Clear Creek,221,289,Control,12:45,,4,58,2.5,0.761962816,Snorkel Downstream,Observer,0,0,0,0,1,0,9,"6 PM, 2 TSS, 1 SS",5535
2016-11-17,206,Clear Creek,221,289,Control,12:25,,1,55,10,3.047851265,Snorkel Downstream,Observer,9,1,0,0,1,0,735,"510 HH, 155 PM, 50 SS, 20 Tule P.",5040
2016-11-29,206,Clear Creek,221,289,Control,12:55,,1,52,10,3.047851265,Snorkel Downstream,Observer,0,0,0,0,0,0,360,"340 HH, 20 PM",5035
2016-12-20,206,Clear Creek,221,289,Control,13:00,,3,48,10,3.047851265,Snorkel Downstream,Observer,0,0,0,20,0,0,60,60HH,5072
2017-06-19,206,Clear Creek,221,289,Control,10:40,,2,54,3,0.914355379,Snorkel Downstream,Observer,0,0,0,0,45,0,26,"6 HH, 20 WESMOS",10303
2017-07-25,206,Clear Creek,221,289,Control,9:45,1.2,1,61,10,3.047851265,Snorkel Downstream,Observer,153,0,0,0,133,0,780,"500 HH, 100 PM, 110 SS, 30 TP, 40 TSS",10666
2017-08-10,206,Clear Creek,221,289,Control,11:45,14,1,66,10,3.047851265,Snorkel Downstream,Observer,179,0,0,3,67,0,1087,"536 HH, 166 SS, 315 PM, 70 TP",10509
2017-08-24,206,Clear Creek,221,289,Control,11:35,,1,63,10,3.047851265,Snorkel Downstream,Observer,408,0,0,0,39,0,1700,"500HH, 200SS, 300TP, 700PM",10644
2017-09-05,206,Clear Creek,221,289,Control,10:50,,1,62,10,3.047851265,Snorkel Downstream,Observer,185,3,0,0,160,0,908,"618HH, 88SS, 197PM, 5TP",9114
2017-09-19,206,Clear Creek,221,289,Control,11:00,,1,58,10,3.047851265,Snorkel Downstream,Observer,161,1,0,0,40,0,1518,1100 HH 340 SS 28 TSS 50 PM,9042
2017-10-04,206,Clear Creek,221,289,Control,10:40,,1,51,10,3.047851265,Snorkel Downstream,Observer,47,16,0,0,5,0,1283,"80 SS, 1200 HH, 2TSB, 1TP",7924
2017-10-17,206,Clear Creek,221,289,Control,10:45,0.92,1,52,10,3.047851265,Snorkel Downstream,Observer,1,0,0,0,0,0,524,"250 HH, 270 PM, 1 TP, 1 TSS, 1 SS, 1 Sculpin",8026
2017-11-02,206,Clear Creek,221,289,Control,12:00,,3,53,10,3.047851265,Snorkel Downstream,Observer,0,0,0,0,0,0,332,"282 PM, 50 HH, 1 Adult Trout",8075
2017-11-14,206,Clear Creek,221,289,Control,10:10,,1,52,10,3.047851265,Snorkel Downstream,Observer,0,0,0,0,0,0,105,"30 TSS, 75 HH",5383
2017-11-28,206,Clear Creek,221,289,Control,11:00,,2,50,10,3.047851265,Snorkel Downstream,Observer,0,0,0,0,0,0,125,125 PM,5000
2017-12-15,206,Clear Creek,221,289,Control,11:30,,3,48,10,3.047851265,Snorkel Downstream,Observer,0,0,0,0,0,0,112,"110 HH, 1 sculpin, 1 tss",5030
2017-12-26,206,Clear Creek,221,289,Control,11:00,,2,45,10,3.047851265,Snorkel Downstream,Observer,0,0,0,0,0,0,1,1:00 PM,5072
2018-01-11,206,Clear Creek,221,289,Control,12:30,,4,48,10,3.047851265,Snorkel Downstream,Observer,0,0,0,0,0,0,3,3:00 PM,4088
2018-01-22,206,Clear Creek,221,289,Control,10:35,,3,46,10,3.047851265,Snorkel Downstream,Observer,0,0,0,0,0,0,0,,4052
2018-02-07,206,Clear Creek,221,289,Control,10:00,,1,46,10,3.047851265,Snorkel Downstream,Observer,0,0,0,240,0,0,32,32 PM,4010
2018-02-21,206,Clear Creek,221,289,Control,12:00,,1,44,10,3.047851265,Snorkel Downstream,Observer,0,10,0,252,15,0,52,52 PKM,3246
2018-03-05,206,Clear Creek,221,289,Control,11:00,,1,47,10,3.047851265,Snorkel Downstream,Observer,0,0,0,95,0,0,150,150 HH,3255
2018-03-22,206,Clear Creek,221,289,Control,12:30,,2,48,1.5,0.45717769,Snorkel Downstream,Observer,0,5,0,0,0,0,50,50 hardhead,3201
2018-04-04,206,Clear Creek,221,289,Control,11:20,,3,54,10,3.047851265,Snorkel Downstream,Observer,7,3,0,335,3,0,782,"781 HH, 1 rifscu",3258
2018-04-17,206,Clear Creek,221,289,Control,11:10,,1,50,10,3.047851265,Snorkel Downstream,Observer,3,0,0,290,41,0,380,"300 HH, 30 sacsuc, 50PM",3285
2018-04-30,206,Clear Creek,221,289,Control,12:50,,1,58,10,3.047851265,Snorkel Downstream,Observer,33,1,0,246,20,0,492,"480 HH, 12 TSS",7058
2018-05-15,206,Clear Creek,221,289,Control,13:36,,1,62,10,3.047851265,Snorkel Downstream,Observer,6,0,0,345,53,0,552,550 PM (1 adult) 2 TP,8737
2018-05-29,206,Clear Creek,221,289,Control,10:09,,1,57,10,3.047851265,Snorkel Downstream,Observer,0,0,0,217,55,0,696,"555 HH, 2 TSB, 12 TP, 127 SS",9491
2018-06-11,206,Clear Creek,221,289,Control,12:45,,1,62,10,3.047851265,Snorkel Downstream,Observer,45,0,0,340,3,0,600,600 pm,9743
2018-06-27,206,Clear Creek,221,289,Control,10:15,,1,58,10,3.047851265,Snorkel Downstream,Observer,0,0,0,51,59,0,771,"320 PM, 1 HH, 50 SS, 400 minnows",12067
2018-07-11,206,Clear Creek,221,289,Control,11:45,,1,62,10,3.047851265,Snorkel Downstream,Observer,0,0,0,66,11,0,0,"hundreds of PM, TSS, Suckers, TP",12994
2018-07-24,206,Clear Creek,221,289,Control,12:28,,1,56,10,3.047851265,Snorkel Downstream,Observer,0,0,0,0,46,1,304,"1 adult PM, 300 HH, 4 PM",13044
2018-08-09,206,Clear Creek,221,289,Control,12:20,,3,66,10,3.047851265,Snorkel Downstream,Observer,0,0,0,83,128,0,426,"204 HH, 196 PM, 26 TP",11199
2018-08-24,206,Clear Creek,221,289,Control,9:55,,1,61,10,3.047851265,Snorkel Downstream,Observer,6,0,0,56,68,0,421,"330 HH, 51 sacsuc, 40 sacperch",9496
2018-09-04,206,Clear Creek,221,289,Control,13:44,,1,62,10,3.047851265,Snorkel Downstream,Observer,71,0,0,52,39,0,1000,"300 HH, 40 SACSUC, 550 HH, 110 TSS",9005
2018-09-19,206,Clear Creek,221,289,Control,9:45,,1,62,10,3.047851265,Snorkel Downstream,Observer,18,0,0,30,2,0,553,"550 PM, 3 SS",7621
2018-10-03,206,Clear Creek,221,289,Control,10:45,,2,57,10,3.047851265,Snorkel Downstream,Observer,9,0,0,29,43,0,505,"250 Hardhead, 20 Sucker 1 Adult Chinook",7269
2018-10-30,206,Clear Creek,221,289,Control,13:00,,1,54,6,1.828710759,Snorkel Downstream,Observer,0,0,0,0,2,0,106,106 TSS,6004
2018-12-10,206,Clear Creek,221,289,Control,10:00,,1,53,3,0.914355379,Snorkel Downstream,Observer,0,0,0,0,0,0,0,Did not snorkel,4018
2019-01-29,206,Clear Creek,221,289,Control,9:50,,2,48,4,1.219140506,Snorkel Downstream,Observer,0,0,0,20,0,0,210,210 HH Visibility only 1-2' at bottom of reach,3249
2019-07-09,206,Clear Creek  ,221,289,Control,10:20,,1,64,10,3.047851265,Snorkel Downstream,Observer,2,0,0,141,14,0,332,"275 HH, 32 sacsuc, 25sacperch",NA
2019-08-14,206,Clear Creek  ,221,289,Control,10:20,,1,54,10,3.047851265,Snorkel Downstream,Observer,12,0,0,87,16,0,600,500HH 100sacsuc,11341
2019-09-17,206,Clear Creek  ,221,289,Control,13:04,,1,56,10,3.047851265,Snorkel Downstream,Observer,67,0,0,8,18,0,2686,"2000HH,  650sacsuc, 25sacperch, 10TSS, 1rifscu",8500
2019-10-23,206,Clear Creek  ,221,289,Control,11:00,,1,55,5,1.523925632,Snorkel Downstream,Observer,0,0,0,0,3,0,425,400HH 25SS,8647
2019-11-12,206,Clear Creek  ,221,289,Control,12:40,,3,53,4.5,1.371533069,Snorkel Downstream,Observer,6,22,0,0,0,0,0,"900pkm, 36 TSS, 40SS, 100fathead minnow, 50 tule,",4958
2020-01-06,206,Clear Creek  ,221,289,Control,11:30,,2,45,8,2.438281012,Snorkel Downstream,Observer,0,30,0,61,4,0,775,"715 PKM, 50 HH, 10 TSS",5057
2020-01-21,206,Clear Creek  ,221,289,Control,10:50,,4,46,6.5,1.981103322,Snorkel Downstream,Observer,0,0,0,3,0,0,548,,5222
2020-02-04,206,Clear Creek  ,221,289,Control,11:00,,1,46,7,2.133495885,Snorkel Downstream,Observer,0,0,58,146,0,0,0,"1mosquito fish,3SS,18TSB,666HH,1bluegill",4513
2020-02-19,206,Clear Creek  ,221,289,Control,12:47,,1,49,10,3.047851265,Snorkel Downstream,Observer,0,0,87,388,0,0,535,,4090
2020-03-03,206,Clear Creek  ,221,289,Control,10:20,,1,48,7,2.133495885,Snorkel Downstream,Observer,0,0,9,215,0,0,781,"767cyprinidae, 13tsb, 1sacsuc",5505
2020-03-24,206,Clear Creek  ,221,289,Control,12:00,,3,49,3,0.914355379,Snorkel Downstream,Observer,0,0,0,37,0,0,250,"246 Cyprinidae, 2 Lamprey, 2 Sac Suckers",4754
2020-04-16,206,Clear Creek  ,221,289,Control,8:45,,1,51.6,10,3.047851265,Snorkel Downstream,Observer,3,0,1,234,1,0,1037,"1033 HH, 3 TSB, 1 RIFSCU",5842
2020-04-16,206,Clear Creek  ,221,289,Control,9:45,,1,51.6,10,3.047851265,Snorkel Downstream,Observer,3,0,1,234,1,0,1037,"3 HH, 3 TSB, 1 Sculpin, 1030 HH",5830
2020-05-05,206,Clear Creek  ,221,289,Control,10:30,,1,52.2,10,3.047851265,Snorkel Downstream,Observer,14,0,3,217,0,0,108,"101-CYP,6-SS, 1-TSS",9983
2020-05-27,206,Clear Creek  ,221,289,Control,11:00,,1,61,10,3.047851265,Snorkel Downstream,Observer,111,0,6,104,20,0,52,"51 minnows, 1 tsb",9029
2020-06-16,206,Clear Creek  ,221,289,Control,12:45,,1,54,7,2.133495885,Snorkel Downstream,Observer,14,0,0,21,10,0,516,"400MINNOWS, 78PKM, 35SACSUC, 3TSS",12301
2020-06-30,206,Clear Creek  ,221,289,Control,14:30,,1,54,5,1.523925632,Snorkel Downstream,Observer,27,0,0,35,5,0,70,"15 TSS, 10 SACSUC, 45 HH",12652
2016-02-22,207,Shea Island,683,290,Baseline,11:30,,1,54,4,1.219140506,Snorkel Downstream,Observer,0,2,0,3,2,0,0,,3310
2016-05-11,207,Shea Island,683,290,Baseline,9:20,,1,60,2.5,0.761962816,Snorkel Downstream,Observer,0,0,0,0,0,0,510,"500 SMALL MINNOWS, 10 SS",6560
2016-07-21,207,Shea Island,683,290,Baseline,10:00,,1,56,5,1.523925632,Snorkel Downstream,Observer,7,0,0,0,10,0,200,"100 HH, 100 SS",10517
2017-06-14,207,Shea Island,683,290,Baseline,12:15,,1,56,6,1.828710759,Snorkel Downstream,Observer,0,0,0,0,1,0,33,"10 TSS, 1 PM, 22 HH",10031
2017-06-14,207,Shea Island,683,290,Baseline,12:20,,1,56,6,1.828710759,Snorkel Downstream,Observer,0,0,0,0,0,0,500,juvie suckers,10031
2017-08-02,207,Shea Island,683,290,Baseline,10:40,,1,53,5,1.523925632,Snorkel Downstream,Observer,0,0,0,0,575,0,0,,10666
2017-08-10,207,Shea Island,683,290,Baseline,10:30,,1,54,7.5,2.285888449,Snorkel Downstream,Observer,31,0,0,0,257,0,102,"1 adult RT, 32 PM, 70 TSS",10509
2017-08-24,207,Shea Island,683,290,Baseline,10:20,,1,53,5,1.523925632,Snorkel Downstream,Observer,0,0,0,0,182,0,0,,10644
2017-09-05,207,Shea Island,683,290,Baseline,12:00,,1,54,6,1.828710759,Snorkel Downstream,Observer,0,0,0,0,0,0,42,"30HH, 12SS",9114
2017-09-19,207,Shea Island,683,290,Baseline,12:05,,1,54,5.5,1.676318196,Snorkel Downstream,Observer,0,1,0,0,5,0,6,1 SS 5 HH 1 adult trout,9042
2017-10-04,207,Shea Island,683,290,Baseline,9:25,,1,51,9,2.743066138,Snorkel Downstream,Observer,0,3,0,0,49,0,1,"1 TSB, 2 FR adults",7924
2017-10-17,207,Shea Island,683,290,Baseline,11:45,,1,52,10,3.047851265,Snorkel Downstream,Observer,0,0,0,0,7,0,8,8:00 PM,8026
2017-11-02,207,Shea Island,683,290,Baseline,13:00,,3,52,10,3.047851265,Snorkel Downstream,Observer,0,0,0,0,7,0,30,"5 Adult Salmon, 30 PM",8075
2018-04-10,207,Shea Island,683,290,Baseline,11:00,,3,66,8,2.438281012,Snorkel Downstream,Observer,0,1,0,0,30,0,255,"9TSS, 2SACSUC, 244HH",3302
2018-05-01,207,Shea Island,683,290,Baseline,10:30,,1,56,10,3.047851265,Snorkel Downstream,Observer,0,0,0,3,0,0,527,"12 TSS, 500 PM, 15 SACSUC (fungus)",7027
2018-05-15,207,Shea Island,683,290,Baseline,9:30,,1,50,10,3.047851265,Snorkel Downstream,Observer,0,0,0,3,8,0,122,"120 PM, 2 TSS",8737
2018-05-30,207,Shea Island,683,290,Baseline,13:36,,1,56,6,1.828710759,Snorkel Downstream,Observer,0,0,0,0,1,0,22,"10TSS, 12HH",9516
2018-06-11,207,Shea Island,683,290,Baseline,11:20,,1,55,10,3.047851265,Snorkel Downstream,Observer,0,0,0,20,13,0,808,"5 adult trout, 2 sculpin, 1 LMB, 500 pm, 300 tss",9743
2018-06-27,207,Shea Island,683,290,Baseline,10:45,,1,55,10,3.047851265,Snorkel Downstream,Observer,0,0,0,40,206,1,114,"104 PM, 10 tss, 1 adult trout",12067
2018-07-07,207,Shea Island,683,290,Baseline,9:20,,3,55,9,2.743066138,Snorkel Downstream,Observer,0,0,0,0,133,11,30,"26 SS, 15 HH",13008
2018-07-11,207,Shea Island,683,290,Baseline,10:40,,1,54,10,3.047851265,Snorkel Downstream,Observer,0,0,0,16,25,2,0,2 adult trout,12994
2018-07-24,207,Shea Island,683,290,Baseline,13:31,,1,57,10,3.047851265,Snorkel Downstream,Observer,0,0,0,1,32,1,0,1 adult trout,13044
2018-08-24,207,Shea Island,683,290,Baseline,10:35,,1,54,10,3.047851265,Snorkel Downstream,Observer,0,0,0,0,45,1,0,1 RBT adult,9496
2018-09-04,207,Shea Island,683,290,Baseline,13:04,,1,56,10,3.047851265,Snorkel Downstream,Observer,0,0,0,0,0,0,25,PKM,9005
2018-09-19,207,Shea Island,683,290,Baseline,10:27,,1,54,10,3.047851265,Snorkel Downstream,Observer,0,1,0,10,26,0,80,80 HH,7621
2018-10-03,207,Shea Island,683,290,Baseline,9:42,,2,54,10,3.047851265,Snorkel Downstream,Observer,0,0,0,0,12,0,0,,7269
2018-10-16,207,Shea Island,683,290,Baseline,12:58,,1,55,10,3.047851265,Snorkel Downstream,Observer,0,12,0,0,68,0,220,220 Hardhead,7225
2018-10-30,207,Shea Island,683,290,Baseline,14:00,,1,54,10,3.047851265,Snorkel Downstream,Observer,1,35,0,0,140,1,1105,"Adult RBT, FR salmon",6004
2019-07-11,207,Shea Island ,683,290,Baseline,13:30,,1,57,10,3.047851265,Snorkel Downstream,Observer,0,0,0,103,224,0,280,"270 HH, 10 PKM, 1 adult chisal carcass",NA
2019-08-14,207,Shea Island ,683,290,Baseline,11:45,,1,54,10,3.047851265,Snorkel Downstream,Observer,48,1,0,0,867,0,1205,1000HH 30sacsuc 75TSS,11357
2019-09-17,207,Shea Island ,683,290,Baseline,11:15,,1,56,8,2.438281012,Snorkel Downstream,Observer,19,0,0,0,124,0,150,150HH,8514
2019-10-22,207,Shea Island ,683,290,Baseline,11:00,,1,52,8,2.438281012,Snorkel Downstream,Observer,0,9,0,0,2,0,0,"6 adult salmon, 1HH, 6 pikeminnow, 1TSB",8661
2019-11-12,207,Shea Island ,683,290,Baseline,13:30,,NA,NA,NA,#VALUE!,Snorkel Downstream,Observer,0,0,0,0,0,0,0,"Shae had no flows @ top, didn’t snorkel",5000
2020-03-10,207,Shea Island ,683,290,Baseline,10:00,,1,49,10,3.047851265,Snorkel Downstream,Observer,0,120,115,100,2,0,160,160HH,5090
2020-04-21,207,Shea Island ,683,290,Baseline,10:10,,1,56,6,1.828710759,Snorkel Downstream,Observer,1,0,0,6,0,0,8,"6 HH, 2 TSS",7915
2020-05-05,207,Shea Island ,683,290,Baseline,11:00,,1,52.3,10,3.047851265,Snorkel Downstream,Observer,1,0,0,10,0,0,111,"100-CYP,1-TSS",10030
2020-05-27,207,Shea Island ,683,290,Baseline,10:00,,1,59,10,3.047851265,Snorkel Downstream,Observer,6,2,1,67,30,0,111,"11 tsb, 100 minnows",9043
2020-06-16,207,Shea Island ,683,290,Baseline,12:10,,1,54,10,3.047851265,Snorkel Downstream,Observer,0,0,0,0,78,0,158,"155MINNOWS, 3TSS",12230
2020-06-29,207,Shea Island ,683,290,Baseline,11:15,,1,54,8,2.438281012,Snorkel Downstream,Observer,0,0,0,0,27,0,86,86-PKM,12800
2016-02-09,208,Wyndham,458,293.5,Control,10:30,,1,49,6,1.828710759,Snorkel Downstream,Observer,0,49,0,449,0,0,0,,3170
2016-02-26,208,Wyndham,458,293.5,Control,10:40,,1,51,4,1.219140506,Snorkel Upstream,Observer,0,0,0,135,0,0,0,,3270
2016-04-12,208,Wyndham,458,293.5,Control,10:00,,4,52,7,2.133495885,Snorkel Downstream,Observer,81,0,0,11,69,0,25,25 TSS,5040
2016-04-21,208,Wyndham,458,293.5,Control,12:50,,2,58,6,1.828710759,Snorkel Downstream,Observer,0,0,0,20,20,0,4,4 Three spine stickleback,5040
2016-04-25,208,Wyndham,458,293.5,Control,13:20,,1,57,7,2.133495885,Snorkel Downstream,Observer,0,0,0,30,309,0,6,"1 Cal. Roach, 5 TSS",5040
2016-05-03,208,Wyndham,458,293.5,Control,10:05,,2,56,6,1.828710759,Snorkel Downstream,Observer,0,0,0,0,140,0,0,,5530
2016-05-12,208,Wyndham,458,293.5,Control,11:25,,1,58,5,1.523925632,Snorkel Downstream,Observer,0,0,0,0,269,0,1,1TSS,6530
2016-06-14,208,Wyndham,458,293.5,Control,11:45,,2,55,5,1.523925632,Snorkel Downstream,Observer,0,0,0,0,39,0,0,,8080
2016-07-28,208,Wyndham,458,293.5,Control,10:00,,1,53,6,1.828710759,Snorkel Downstream,Observer,0,0,0,0,414,0,2,2 TSS,10554
2016-08-16,208,Wyndham,458,293.5,Control,10:00,,1,53,6,1.828710759,Snorkel Downstream,Observer,0,0,0,0,64,0,0,visibility in pool very poor,10483
2016-09-08,208,Wyndham,458,293.5,Control,11:40,,1,54,8,2.438281012,Snorkel Downstream,Observer,1,0,0,0,37,0,0,,9546
2016-09-15,208,Wyndham,458,293.5,Control,10:15,,1,54,8,2.438281012,Snorkel Downstream,Observer,2,0,0,0,90,0,0,,9041
2016-09-27,208,Wyndham,458,293.5,Control,10:30,,1,52,10,3.047851265,Snorkel Downstream,Observer,1,2,0,0,114,0,0,,7975
2016-10-11,208,Wyndham,458,293.5,Control,10:00,,1,52,8,2.438281012,Snorkel Downstream,Observer,0,31,0,0,53,0,0,,7012
2016-10-27,208,Wyndham,458,293.5,Control,10:35,,4,53,10,3.047851265,Snorkel Downstream,Observer,2,0,0,0,56,0,0,"2 adult trout, 2 adult FR salmon",5535
2016-11-17,208,Wyndham,458,293.5,Control,10:55,,1,54,9,2.743066138,Snorkel Downstream,Observer,0,0,0,0,2,0,0,adult trout,5040
2016-11-29,208,Wyndham,458,293.5,Control,11:20,,1,53,9,2.743066138,Snorkel Downstream,Observer,0,0,0,0,5,0,2,2 TSS,5035
2016-12-20,208,Wyndham,458,293.5,Control,12:35,,2,51,10,3.047851265,Snorkel Downstream,Observer,0,2,0,0,0,0,0,,5072
2017-07-12,208,Wyndham,458,293.5,Control,11:50,1.3,1,51,5,1.523925632,Snorkel Downstream,Observer,3,0,0,0,325,0,0,,10394
2017-07-25,208,Wyndham,458,293.5,Control,12:15,1.5,1,53,7,2.133495885,Snorkel Downstream,Observer,0,0,0,0,530,0,2,2 TSS,10666
2017-08-09,208,Wyndham,458,293.5,Control,12:40,15,1,54,8,2.438281012,Snorkel Downstream,Observer,0,0,0,0,355,0,50,50 TSS,10313
2017-08-22,208,Wyndham,458,293.5,Control,12:45,15,1,54,7,2.133495885,Snorkel Downstream,Observer,0,0,0,0,76,0,0,,10466
2017-09-07,208,Wyndham,458,293.5,Control,10:33,13,4,53,3,0.914355379,Snorkel Downstream,Observer,0,0,0,0,6,0,0,,9131
2017-09-21,208,Wyndham,458,293.5,Control,11:40,,1,54,5,1.523925632,Snorkel Downstream,Observer,0,4,0,0,23,0,0,,9029
2017-10-02,208,Wyndham,458,293.5,Control,12:00,,1,51.3,10,3.047851265,Snorkel Downstream,Observer,0,0,0,0,76,0,1,1tss,8073
2017-10-19,208,Wyndham,458,293.5,Control,10:00,10,2,52,10,3.047851265,Snorkel Downstream,Observer,0,19,0,0,111,0,0,Possible FR Redds,8019
2017-10-31,208,Wyndham,458,293.5,Control,13:00,11,1,53,10,3.047851265,Snorkel Downstream,Observer,10,147,0,0,66,0,20,"3 Adult FR, 3 REDDS, 20 TSS",8161
2017-11-16,208,Wyndham,458,293.5,Control,10:00,4,2,52,10,3.047851265,Snorkel Downstream,Observer,1,42,0,0,0,0,1,1 sculpin,5007
2017-11-30,208,Wyndham,458,293.5,Control,10:00,5,2,52,10,3.047851265,Snorkel Downstream,Observer,0,50,0,0,35,0,0,,5005
2017-12-17,208,Wyndham,458,293.5,Control,10:00,5,2,49,10,3.047851265,Snorkel Downstream,Observer,0,9,0,0,0,0,0,,5026
2017-12-19,208,Wyndham,458,293.5,Control,9:45,5,2,50,10,3.047851265,Snorkel Downstream,Observer,0,0,0,0,0,0,0,1 juvie trout mort,5080
2017-12-27,208,Wyndham,458,293.5,Control,10:00,5,2,49,10,3.047851265,Snorkel Downstream,Observer,0,9,0,0,0,0,0,,5068
2018-01-09,208,Wyndham,458,293.5,Control,11:30,,3,51,8,2.438281012,Snorkel Downstream,Observer,0,0,0,102,0,0,0,,4098
2018-01-23,208,Wyndham,458,293.5,Control,12:15,,3,51,8,2.438281012,Snorkel Downstream,Observer,0,0,0,70,0,0,0,,4055
2018-02-05,208,Wyndham,458,293.5,Control,14:00,,1,52,10,3.047851265,Snorkel Downstream,Observer,0,50,0,225,0,0,0,,4000
2018-02-23,208,Wyndham,458,293.5,Control,13:15,,1,53,10,3.047851265,Snorkel Downstream,Observer,0,10,0,165,0,0,0,,3210
2018-03-05,208,Wyndham,458,293.5,Control,11:47,,1,48,10,3.047851265,Snorkel Downstream,Observer,0,26,0,25,10,0,0,,3255
2018-03-20,208,Wyndham,458,293.5,Control,12:08,,3,51,10,3.047851265,Snorkel Downstream,Observer,0,0,0,50,0,0,1,1 RIFSCU,3341
2018-04-04,208,Wyndham,458,293.5,Control,10:10,1,3,52,9,2.743066138,Snorkel Downstream,Observer,3,3,0,118,17,0,0,,3258
2018-04-18,208,Wyndham,458,293.5,Control,10:30,,3,52,10,3.047851265,Snorkel Downstream,Observer,0,0,0,20,5,0,0,,3253
2018-05-01,208,Wyndham,458,293.5,Control,12:05,,1,57,10,3.047851265,Snorkel Downstream,Observer,0,0,0,10,0,0,0,,7027
2018-05-15,208,Wyndham,458,293.5,Control,10:30,13,1,54,10,3.047851265,Snorkel Downstream,Observer,20,0,0,40,0,0,215,"100 SS, 55 TSS, 60 WESMOS",8737
2018-05-30,208,Wyndham,458,293.5,Control,11:27,1.2,1,54,10,3.047851265,Snorkel Downstream,Observer,12,0,0,50,5,0,1,1 adult RBT,9516
2018-06-11,208,Wyndham,458,293.5,Control,10:00,16,1,54,10,3.047851265,Snorkel Downstream,Observer,80,0,0,105,125,0,0,,9743
2018-06-27,208,Wyndham,458,293.5,Control,12:30,,1,54,10,3.047851265,Snorkel Downstream,Observer,30,0,0,509,231,0,2,2 TSS,12067
2018-07-10,208,Wyndham,458,293.5,Control,13:00,,1,54,10,3.047851265,Snorkel Downstream,Observer,0,2,0,108,597,0,1,1 rifscu,13023
2018-07-25,208,Wyndham,458,293.5,Control,10:05,,1,56,10,3.047851265,Snorkel Downstream,Observer,0,0,0,0,900,0,0,,13027
2018-08-08,208,Wyndham,458,293.5,Control,10:20,18,3,54,10,3.047851265,Snorkel Downstream,Observer,0,0,0,60,1115,0,0,,11502
2018-08-22,208,Wyndham,458,293.5,Control,13:00,16,1,56,10,3.047851265,Snorkel Downstream,Observer,183,40,0,20,300,0,543,1 rifscu,9704
2018-09-04,208,Wyndham,458,293.5,Control,12:10,14,1,56,10,3.047851265,Snorkel Downstream,Observer,43,0,0,3,48,0,0,,9005
2018-09-19,208,Wyndham,458,293.5,Control,11:30,,1,54,10,3.047851265,Snorkel Downstream,Observer,30,90,0,0,58,0,0,,7621
2018-10-01,208,Wyndham,458,293.5,Control,12:15,,4,53,10,3.047851265,Snorkel Downstream,Observer,12,30,0,0,0,1,0,"6 adult FR, 1 adult trout",7233
2018-10-15,208,Wyndham,458,293.5,Control,13:22,,1,55,10,3.047851265,Snorkel Downstream,Observer,66,108,0,0,0,1,0,1 Adult RBT,7212
2018-11-01,208,Wyndham,458,293.5,Control,13:20,,1,56,10,3.047851265,Snorkel Downstream,Observer,30,301,0,0,0,0,0,,5708
2018-11-13,208,Wyndham,458,293.5,Control,13:50,0.4,2,53,10,3.047851265,Snorkel Downstream,Observer,0,75,0,0,0,1,0,2 Adult FR 1 Adult RBT,4553
2018-11-28,208,Wyndham,458,293.5,Control,10:40,,3,56,8,2.438281012,Snorkel Downstream,Observer,0,0,0,0,1,0,0,,3985
2018-12-10,208,Wyndham,458,293.5,Control,12:40,,1,53,7,2.133495885,Snorkel Downstream,Observer,0,0,0,0,0,0,0,,4018
2018-12-31,208,Wyndham,458,293.5,Control,10:15,3,1,48,6,1.828710759,Snorkel Downstream,Observer,0,8,0,559,2,0,0,,3990
2019-01-30,208,Wyndham,458,293.5,Control,10:30,,2,50,5,1.523925632,Snorkel Downstream,Observer,0,0,0,50,0,0,200,200 TSS,3251
2019-07-11,208,Wyndham  ,458,293.5,Control,10:30,,1,56,10,3.047851265,Snorkel Downstream,Observer,0,0,0,305,165,0,1,rifscu,NA
2019-08-14,208,Wyndham  ,458,293.5,Control,10:30,,1,53,10,3.047851265,Snorkel Downstream,Observer,1,0,0,0,625,0,0,,11341
2019-09-17,208,Wyndham  ,458,293.5,Control,10:00,,1,56,8,2.438281012,Snorkel Downstream,Observer,45,42,0,0,236,0,0,,8514
2019-10-24,208,Wyndham  ,458,293.5,Control,11:30,,2,52,10,3.047851265,Snorkel Downstream,Observer,39,541,0,0,15,0,0,20 adult chinook,7320
2019-11-12,208,Wyndham  ,458,293.5,Control,10:30,,3,52,8,2.438281012,Snorkel Downstream,Observer,0,221,0,0,9,0,4,"4tsb, 4 adult chinook, swimmer 2 1 bluegill v",4904
2020-01-06,208,Wyndham  ,458,293.5,Control,10:30,,2,50,10,3.047851265,Snorkel Downstream,Observer,0,104,0,315,0,0,3,"1 TSS, 2 RIFSCU",5046
2020-01-21,208,Wyndham  ,458,293.5,Control,10:15,,4,46,8,2.438281012,Snorkel Downstream,Observer,0,507,0,812,10,0,0,,5167
2020-02-04,208,Wyndham  ,458,293.5,Control,11:45,,2,48,8,2.438281012,Snorkel Downstream,Observer,0,4,731,828,0,0,0,,4421
2020-02-24,208,Wyndham  ,458,293.5,Control,10:45,,1,49,6,1.828710759,Snorkel Downstream,Observer,0,1,74,889,2,0,2,2TSB,5013
2020-03-05,208,Wyndham  ,458,293.5,Control,10:20,,1,50,7,2.133495885,Snorkel Downstream,Observer,0,0,20,682,0,0,0,,5516
2020-03-25,208,Wyndham  ,458,293.5,Control,11:30,,1,50,8,2.438281012,Snorkel Downstream,Observer,0,0,95,627,2,0,0,,4723
2020-04-16,208,Wyndham  ,458,293.5,Control,10:30,,1,51.8,10,3.047851265,Snorkel Downstream,Observer,0,0,8,955,3,0,1,1 minnow species,5842
2020-04-16,208,Wyndham  ,458,293.5,Control,10:30,,1,51.8,10,3.047851265,Snorkel Downstream,Observer,0,0,8,955,3,0,1,,5842
2020-05-06,208,Wyndham  ,458,293.5,Control,10:00,,1,51.6,10,3.047851265,Snorkel Downstream,Observer,9,0,2,196,2,0,0,,10061
2020-05-28,208,Wyndham  ,458,293.5,Control,11:15,,1,57,10,3.047851265,Snorkel Downstream,Observer,47,0,0,89,89,0,1,1 sculpin,9782
2020-06-16,208,Wyndham  ,458,293.5,Control,11:11,,1,53,7,2.133495885,Snorkel Downstream,Observer,3,0,0,1,16,0,3,,12248
2020-06-30,208,Wyndham  ,458,293.5,Control,13:15,,1,52,10,3.047851265,Snorkel Downstream,Observer,8,0,0,19,397,0,15,15 TSS,12615
2018-05-30,219,South Cypress,88,294,Baseline,10:47,,1,54,10,3.047851265,Snorkel Downstream,Observer,0,0,0,150,60,0,0,South Cypress,9516
2018-08-08,219,South Cypress,88,294,Baseline,12:04,,3,55,10,3.047851265,Snorkel Downstream,Observer,0,0,0,0,94,0,0,,11502
2018-10-16,219,South Cypress,88,294,Baseline,11:43,,1,54,10,3.047851265,Snorkel Downstream,Observer,0,750,0,0,0,0,0,,7225
2019-11-26,219,South Cypress,88,294,Baseline,10:35,,3,49.5,10,3.047851265,Snorkel Downstream,Observer,0,0,0,0,0,0,1,1 TSS,4818
2020-01-23,219,South Cypress,88,294,Baseline,10:30,,3,50,10,3.047851265,Snorkel Downstream,Observer,0,5,0,373,0,0,0,,5057
2020-02-04,219,South Cypress,88,294,Baseline,13:30,,2,48,10,3.047851265,Snorkel Downstream,Observer,0,0,285,405,0,0,0,,4565
2020-02-24,219,South Cypress,88,294,Baseline,10:25,,1,48,7,2.133495885,Snorkel Downstream,Observer,0,0,0,350,0,0,0,,5013
2020-03-05,219,South Cypress,88,294,Baseline,11:20,,1,50,6,1.828710759,Snorkel Downstream,Observer,0,0,0,217,0,0,0,,5551
2020-03-25,219,South Cypress,88,294,Baseline,10:45,,1,49,8,2.438281012,Snorkel Downstream,Observer,0,0,0,145,0,0,0,,4776
2020-04-16,219,South Cypress,88,294,Baseline,14:00,,1,51.8,10,3.047851265,Snorkel Downstream,Observer,0,15,30,700,0,0,0,,5889
2020-04-16,219,South Cypress,88,294,Baseline,14:00,,1,51.8,10,3.047851265,Snorkel Downstream,Observer,0,15,30,700,0,0,0,,5889
2020-05-14,219,South Cypress,88,294,Baseline,11:15,,3,54,10,3.047851265,Snorkel Downstream,Observer,0,0,0,61,12,0,0,,9890
2020-07-01,219,South Cypress,88,294,Baseline,13:30,,1,52,7,2.133495885,Snorkel Downstream,Observer,5,0,0,140,185,2,0,,12708
2016-12-20,201,North Cypress,590,295.5,Impact,10:35,,2,50,6,1.828710759,Snorkel Downstream,Observer,0,0,0,0,1,0,0,adult steelhead,5072
2016-12-29,201,North Cypress,590,295.5,Impact,10:30,,1,51,NA,#VALUE!,Snorkel Downstream,Observer,0,0,0,2,0,0,0,,1025
2017-06-19,201,North Cypress,590,295.5,Impact,13:30,,1,53,3,0.914355379,Snorkel Downstream,Observer,0,0,0,5,283,0,0,Top and bottom channels combined,10303
2017-07-12,201,North Cypress,590,295.5,Impact,10:05,,1,50,4.5,1.371533069,Snorkel Downstream,Observer,0,0,0,0,165,0,0,upper half of 201,10394
2017-07-12,201,North Cypress,590,295.5,Impact,11:00,,1,50,4.5,1.371533069,Snorkel Downstream,Observer,10,0,0,0,265,0,0,lower half of 201,10394
2017-07-25,201,North Cypress,590,295.5,Impact,13:42,,1,54,7,2.133495885,Snorkel Downstream,Observer,15,0,0,0,525,0,4,4 TSS,10666
2017-08-09,201,North Cypress,590,295.5,Impact,10:50,,1,53,8,2.438281012,Snorkel Downstream,Observer,0,0,0,0,439,0,102,"2 TSS, 100 Sacsuc",10313
2017-08-22,201,North Cypress,590,295.5,Impact,10:30,,1,54,7,2.133495885,Snorkel Downstream,Observer,0,0,0,0,234,0,3,3 TSS,10466
2017-09-07,201,North Cypress,590,295.5,Impact,10:20,,3,53,3,0.914355379,Snorkel Downstream,Observer,0,0,0,0,19,0,0,,9131
2017-09-21,201,North Cypress,590,295.5,Impact,10:45,,1,53,5,1.523925632,Snorkel Downstream,Observer,1,21,0,0,20,0,0,,9029
2017-10-02,201,North Cypress,590,295.5,Impact,10:40,,1,49.8,8,2.438281012,Snorkel Downstream,Observer,0,2,0,0,62,0,0,,8073
2017-10-19,201,North Cypress,590,295.5,Impact,11:25,,2,52,10,3.047851265,Snorkel Downstream,Observer,0,0,0,0,57,0,0,"bottom of cypress, silt= bad vis",8019
2017-10-19,201,North Cypress,590,295.5,Impact,12:10,,2,52,10,3.047851265,Snorkel Downstream,Observer,0,0,0,0,110,0,0,top of cypress,8019
2017-10-31,201,North Cypress,590,295.5,Impact,11:30,,1,53,10,3.047851265,Snorkel Downstream,Observer,40,563,0,0,98,0,3,"2 Adult trout, 3 TSS",8161
2017-11-16,201,North Cypress,590,295.5,Impact,11:15,,2,53,10,3.047851265,Snorkel Downstream,Observer,0,0,0,0,0,0,0,bottom of cypress,5007
2017-11-16,201,North Cypress,590,295.5,Impact,11:45,,2,53,10,3.047851265,Snorkel Downstream,Observer,0,166,0,0,18,0,1,"1 sculpin, top of cypress",5007
2017-11-30,201,North Cypress,590,295.5,Impact,11:00,,2,52,10,3.047851265,Snorkel Downstream,Observer,0,0,0,0,20,0,0,Bottom of cypress,5005
2017-11-30,201,North Cypress,590,295.5,Impact,11:20,,2,52,10,3.047851265,Snorkel Downstream,Observer,0,0,0,0,31,0,0,Top of cypress,5005
2017-12-17,201,North Cypress,590,295.5,Impact,11:00,,2,50,10,3.047851265,Snorkel Downstream,Observer,0,0,0,0,1,0,0,bottom of cypress,5026
2017-12-17,201,North Cypress,590,295.5,Impact,11:20,,1,50,10,3.047851265,Snorkel Downstream,Observer,0,100,0,0,18,0,0,top of cypress,5026
2017-12-19,201,North Cypress,590,295.5,Impact,10:45,,2,50,10,3.047851265,Snorkel Downstream,Observer,0,0,0,0,2,0,0,bottom of cypress 1 adult trout mort,5080
2017-12-19,201,North Cypress,590,295.5,Impact,11:15,,2,50,10,3.047851265,Snorkel Downstream,Observer,0,4,0,0,70,0,1,top of cypress 1 sculpin,5080
2017-12-27,201,North Cypress,590,295.5,Impact,11:00,,2,50,10,3.047851265,Snorkel Downstream,Observer,0,0,0,0,1,0,0,bottom of north cypress,5068
2017-12-27,201,North Cypress,590,295.5,Impact,11:20,,1,50,10,3.047851265,Snorkel Downstream,Observer,0,100,0,0,18,0,0,top of north cypress,5068
2018-01-09,201,North Cypress,590,295.5,Impact,10:25,,3,51,8,2.438281012,Snorkel Downstream,Observer,0,50,0,290,0,0,0,,4098
2018-01-23,201,North Cypress,590,295.5,Impact,10:45,,3,50,8,2.438281012,Snorkel Downstream,Observer,0,0,0,282,1,0,3,"adult trout, 2 sculpin, 1 tss",4055
2018-02-05,201,North Cypress,590,295.5,Impact,11:45,,1,52,10,3.047851265,Snorkel Downstream,Observer,0,0,0,935,0,0,0,top of cypress,4000
2018-02-05,201,North Cypress,590,295.5,Impact,13:15,,1,52,10,3.047851265,Snorkel Downstream,Observer,0,0,0,310,0,0,0,1 adult salmon (bottom of cypress),4000
2018-02-23,201,North Cypress,590,295.5,Impact,11:15,,1,52,10,3.047851265,Snorkel Downstream,Observer,0,24,0,1208,1,0,2,1 RIFSCU 1 TSS,3210
2018-03-05,201,North Cypress,590,295.5,Impact,13:00,,1,51,10,3.047851265,Snorkel Downstream,Observer,0,200,0,1300,0,0,0,,3255
2018-03-20,201,North Cypress,590,295.5,Impact,11:05,,3,50,10,3.047851265,Snorkel Downstream,Observer,0,0,0,1025,150,0,0,,3341
2018-04-02,201,North Cypress,590,295.5,Impact,12:00,,1,52,10,3.047851265,Snorkel Downstream,Observer,0,41,0,2682,20,0,0,,3246
2018-04-16,201,North Cypress,590,295.5,Impact,13:15,,3,52,10,3.047851265,Snorkel Downstream,Observer,1063,6,0,2060,98,0,0,,3264
2018-05-02,201,North Cypress,590,295.5,Impact,9:30,,1,51,10,3.047851265,Snorkel Downstream,Observer,574,22,0,2153,214,0,1,1 SCULPIN,7236
2018-05-15,201,North Cypress,590,295.5,Impact,12:00,,1,50,10,3.047851265,Snorkel Downstream,Observer,239,1,0,3400,717,0,0,Beaver,8737
2018-05-29,201,North Cypress,590,295.5,Impact,12:24,,1,56,10,3.047851265,Snorkel Downstream,Observer,290,0,0,1948,516,0,0,,9491
2018-06-11,201,North Cypress,590,295.5,Impact,13:40,,1,54,10,3.047851265,Snorkel Downstream,Observer,292,0,0,1424,347,0,1,1 adult rainbow trout,9743
2018-06-27,201,North Cypress,590,295.5,Impact,13:20,,1,54,10,3.047851265,Snorkel Downstream,Observer,71,0,0,325,153,1,0,"1 adult WR, 1 Adult trout",12067
2018-07-10,201,North Cypress,590,295.5,Impact,11:40,,1,54,10,3.047851265,Snorkel Downstream,Observer,10,0,0,80,110,0,0,,13023
2018-07-25,201,North Cypress,590,295.5,Impact,11:00,,1,56,10,3.047851265,Snorkel Downstream,Observer,0,0,0,0,60,0,0,,13027
2018-08-08,201,North Cypress,590,295.5,Impact,11:18,,3,54,10,3.047851265,Snorkel Downstream,Observer,0,0,0,170,362,0,1,"1 Rifscu, 1 adult WR",11502
2018-08-24,201,North Cypress,590,295.5,Impact,12:20,,1,54,10,3.047851265,Snorkel Downstream,Observer,10,6,0,91,537,0,2,2 TSS,9496
2018-09-04,201,North Cypress,590,295.5,Impact,10:25,,1,55,10,3.047851265,Snorkel Downstream,Observer,21,1,0,0,413,0,0,1 adult FR,9005
2018-09-21,201,North Cypress,590,295.5,Impact,10:48,,1,52,10,3.047851265,Snorkel Downstream,Observer,2,163,0,0,74,0,0,,7269
2018-10-01,201,North Cypress,590,295.5,Impact,11:20,,4,53,10,3.047851265,Snorkel Downstream,Observer,45,0,0,0,0,3,0,"3 adult trout, 1 adult FR",7233
2018-10-16,201,North Cypress,590,295.5,Impact,10:30,,1,54,10,3.047851265,Snorkel Downstream,Observer,3140,1866,0,0,525,4,0,4 Adult RBT,7225
2018-11-01,201,North Cypress,590,295.5,Impact,11:57,,1,55,10,3.047851265,Snorkel Downstream,Observer,416,3116,0,0,410,0,0,,5708
2018-11-13,201,North Cypress,590,295.5,Impact,13:00,,2,53,10,3.047851265,Snorkel Downstream,Observer,0,520,0,0,1,0,1,1 Adult FR 1 Sculpin,4553
2018-11-28,201,North Cypress,590,295.5,Impact,10:15,,3,55,7,2.133495885,Snorkel Downstream,Observer,0,0,0,0,1,0,2,"1 Adult FR, 2 TSS",3985
2018-12-10,201,North Cypress,590,295.5,Impact,11:20,,1,53,7,2.133495885,Snorkel Downstream,Observer,0,5,0,2,0,0,0,,4018
2018-12-31,201,North Cypress,590,295.5,Impact,11:10,,1,48,6,1.828710759,Snorkel Downstream,Observer,0,7,0,4616,1,1,0,1 Adult LFR,3990
2019-01-30,201,North Cypress,590,295.5,Impact,11:05,,2,50,5,1.523925632,Snorkel Downstream,Observer,0,0,0,66,0,0,0,,3251
2019-07-12,201,North Cypress ,590,295.5,Impact,10:00,,1,56,10,3.047851265,Snorkel Downstream,Observer,67,0,0,34,37,0,2,Bluegil,NA
2019-08-13,201,North Cypress ,590,295.5,Impact,10:45,,1,51.6,10,3.047851265,Snorkel Downstream,Observer,1,0,0,0,214,0,110,"110 minnows, 1 adult trout",11404
2019-09-13,201,North Cypress ,590,295.5,Impact,9:30,,1,51.2,7,2.133495885,Snorkel Downstream,Observer,29,138,0,0,1,0,1,1 stickleback,8996
2019-10-23,201,North Cypress ,590,295.5,Impact,10:00,,1,51,10,3.047851265,Snorkel Downstream,Observer,842,2228,0,0,18,0,0,"1 TSB, 1 adult salmon",8661
2019-11-13,201,North Cypress ,590,295.5,Impact,10:00,,2,52,10,3.047851265,Snorkel Downstream,Observer,1,481,0,0,5,0,2,"1 TSS, 1 minnow, 2 ad. Trout, 1 adult fall run",5013
2019-11-26,201,North Cypress ,590,295.5,Impact,10:00,,3,49.5,10,3.047851265,Snorkel Downstream,Observer,0,10,0,0,1,0,0,,4776
2020-01-08,201,North Cypress ,590,295.5,Impact,10:00,,2,55,8,2.438281012,Snorkel Downstream,Observer,0,113,0,776,0,0,1,1 sculpin,5057
2020-01-22,201,North Cypress ,590,295.5,Impact,9:45,,3,49,8,2.438281012,Snorkel Downstream,Observer,0,373,0,1853,26,0,0,2 other fish; 1 adult O. mykiss with decaying fins,5035
2020-02-05,201,North Cypress ,590,295.5,Impact,13:20,,3,52,6,1.828710759,Snorkel Downstream,Observer,0,0,925,1226,0,0,0,,4249
2020-02-20,201,North Cypress ,590,295.5,Impact,11:00,,2,48,9,2.743066138,Snorkel Downstream,Observer,0,3,505,1112,0,0,2,,4100
2020-03-10,201,North Cypress ,590,295.5,Impact,11:30,,1,50,10,3.047851265,Snorkel Downstream,Observer,1,265,196,1110,0,0,0,,5068
2020-03-31,201,North Cypress ,590,295.5,Impact,14:00,,2,49,10,3.047851265,Snorkel Downstream,Observer,0,0,24,945,125,0,0,,5301
2020-04-16,201,North Cypress ,590,295.5,Impact,11:30,,1,51.8,10,3.047851265,Snorkel Downstream,Observer,8,0,1,1628,57,0,1,1 shad,5830
2020-04-16,201,North Cypress ,590,295.5,Impact,11:30,,1,51.8,10,3.047851265,Snorkel Downstream,Observer,8,0,1,1105,34,0,1,1 Shad,5830
2020-05-14,201,North Cypress ,590,295.5,Impact,9:45,,3,54,10,3.047851265,Snorkel Downstream,Observer,152,0,20,1168,352,0,0,,9874
2020-05-28,201,North Cypress ,590,295.5,Impact,10:00,,1,56,10,3.047851265,Snorkel Downstream,Observer,134,5,7,331,176,0,0,,9921
2020-06-01,201,North Cypress ,590,295.5,Impact,12:00,,1,55,10,3.047851265,Snorkel Downstream,Observer,61,0,0,47,301,0,2,"1tsb, 1 sculpin; bottom pool turbid",10265
2020-06-16,201,North Cypress ,590,295.5,Impact,10:15,,1,52,7,2.133495885,Snorkel Downstream,Observer,55,0,21,89,369,0,5,,12301
2020-06-30,201,North Cypress ,590,295.5,Impact,11:00,,1,53,7,2.133495885,Snorkel Downstream,Observer,3,0,0,16,475,1,0,1 adult PKM,12578
2016-11-15,210,Painters,290,296,Impact,13:05,,3,53,8,2.438281012,Snorkel Downstream,Observer,1,10,0,0,0,0,0,,5003
2017-05-22,210,Painters,290,296,Impact,12:00,,1,55,2,0.609570253,Snorkel Downstream,Observer,0,0,0,0,20,0,0,,13017
2017-07-25,210,Painters,290,296,Impact,11:10,,1,52,7,2.133495885,Snorkel Downstream,Observer,0,0,0,0,900,0,0,,10666
2017-08-09,210,Painters,290,296,Impact,10:10,,1,53,8,2.438281012,Snorkel Downstream,Observer,0,0,0,0,515,0,0,,10313
2017-08-22,210,Painters,290,296,Impact,10:00,,1,54,7,2.133495885,Snorkel Downstream,Observer,0,0,0,0,209,0,0,,10466
2017-09-07,210,Painters,290,296,Impact,10:15,,4,53,3,0.914355379,Snorkel Downstream,Observer,0,0,0,0,22,0,0,,9131
2017-09-21,210,Painters,290,296,Impact,10:15,,1,52,6,1.828710759,Snorkel Downstream,Observer,0,0,0,0,53,0,0,,9029
2017-10-02,210,Painters,290,296,Impact,10:00,,1,50.3,10,3.047851265,Snorkel Downstream,Observer,0,10,0,0,100,0,0,,8073
2017-10-17,210,Painters,290,296,Impact,13:05,,1,52,10,3.047851265,Snorkel Downstream,Observer,0,0,0,0,182,0,0,,8026
2017-10-31,210,Painters,290,296,Impact,10:40,,1,53,10,3.047851265,Snorkel Downstream,Observer,41,21,0,0,229,0,0,,8161
2017-11-16,210,Painters,290,296,Impact,13:15,,2,52,10,3.047851265,Snorkel Downstream,Observer,0,5,0,0,1,0,0,,5007
2017-11-30,210,Painters,290,296,Impact,12:15,,3,53,10,3.047851265,Snorkel Downstream,Observer,0,0,0,0,4,0,0,,5005
2017-12-17,210,Painters,290,296,Impact,12:50,,1,51,10,3.047851265,Snorkel Downstream,Observer,0,0,0,0,0,0,0,,5026
2017-12-19,210,Painters,290,296,Impact,12:21,,3,52,10,3.047851265,Snorkel Downstream,Observer,0,0,0,0,0,0,1,1 sculpin,5080
2017-12-27,210,Painters,290,296,Impact,12:50,,1,51,10,3.047851265,Snorkel Downstream,Observer,0,0,0,0,0,0,0,,5068
2018-01-09,210,Painters,290,296,Impact,10:00,,3,51,8,2.438281012,Snorkel Downstream,Observer,0,0,0,4,0,0,0,,4098
2018-01-23,210,Painters,290,296,Impact,10:10,,3,50,8,2.438281012,Snorkel Downstream,Observer,0,0,0,4,0,0,0,,4055
2018-02-05,210,Painters,290,296,Impact,10:45,,1,52,10,3.047851265,Snorkel Downstream,Observer,0,10,0,327,3,0,0,,4000
2018-02-23,210,Painters,290,296,Impact,10:40,,1,50,10,3.047851265,Snorkel Downstream,Observer,0,50,0,52,7,0,0,,3210
2018-03-05,210,Painters,290,296,Impact,14:07,,1,51,10,3.047851265,Snorkel Downstream,Observer,0,10,0,65,0,0,0,,3255
2018-03-20,210,Painters,290,296,Impact,10:40,,3,50,10,3.047851265,Snorkel Downstream,Observer,0,0,0,0,50,0,0,,NA
2018-04-02,210,Painters,290,296,Impact,11:30,,1,52,10,3.047851265,Snorkel Downstream,Observer,0,0,0,141,40,0,0,,3246
2018-05-02,210,Painters,290,296,Impact,12:30,,1,51,10,3.047851265,Snorkel Downstream,Observer,11,0,0,100,57,0,3,3 SUCKERS,7236
2018-05-14,210,Painters,290,296,Impact,12:20,,1,53,10,3.047851265,Snorkel Downstream,Observer,13,0,0,220,49,0,0,,8716
2018-05-29,210,Painters,290,296,Impact,11:30,,1,54,10,3.047851265,Snorkel Downstream,Observer,191,0,0,1,149,0,0,,9491
2018-06-11,210,Painters,290,296,Impact,12:50,,1,54,10,3.047851265,Snorkel Downstream,Observer,30,0,0,51,102,0,0,,9743
2018-06-28,210,Painters,290,296,Impact,10:45,,1,54,10,3.047851265,Snorkel Downstream,Observer,0,0,0,25,54,0,0,,12065
2018-07-10,210,Painters,290,296,Impact,10:00,,1,54,10,3.047851265,Snorkel Downstream,Observer,0,0,0,106,444,0,0,,13023
2018-07-25,210,Painters,290,296,Impact,12:15,,1,55,10,3.047851265,Snorkel Downstream,Observer,0,0,0,7,168,0,0,,13027
2018-08-08,210,Painters,290,296,Impact,12:24,,3,55,10,3.047851265,Snorkel Downstream,Observer,0,0,0,0,1015,0,0,,11502
2018-08-22,210,Painters,290,296,Impact,14:18,,1,54,10,3.047851265,Snorkel Downstream,Observer,25,0,0,0,1461,0,0,,9704
2018-09-04,210,Painters,290,296,Impact,10:07,,1,55,10,3.047851265,Snorkel Downstream,Observer,0,0,0,0,188,0,0,,9005
2018-09-21,210,Painters,290,296,Impact,10:20,,1,52,10,3.047851265,Snorkel Downstream,Observer,1,24,0,0,38,0,0,4 dogs on RL,7269
2018-10-01,210,Painters,290,296,Impact,11:00,,3,53,10,3.047851265,Snorkel Downstream,Observer,100,37,0,0,10,0,0,,7233
2018-10-15,210,Painters,290,296,Impact,12:06,,1,54,10,3.047851265,Snorkel Downstream,Observer,198,450,0,0,22,0,0,,7212
2018-11-01,210,Painters,290,296,Impact,11:25,,1,55,10,3.047851265,Snorkel Downstream,Observer,0,750,0,0,60,0,0,1 adult FR salmon,5708
2018-11-13,210,Painters,290,296,Impact,11:45,,2,53,10,3.047851265,Snorkel Downstream,Observer,0,177,0,0,1,0,0,,4553
2018-11-28,210,Painters,290,296,Impact,9:50,,3,55,7,2.133495885,Snorkel Downstream,Observer,0,0,0,0,0,0,0,,3985
2018-12-10,210,Painters,290,296,Impact,11:00,,1,53,7,2.133495885,Snorkel Downstream,Observer,0,0,0,0,0,0,7,,4018
2018-12-31,210,Painters,290,296,Impact,12:20,,1,48,6,1.828710759,Snorkel Downstream,Observer,0,0,0,458,0,0,0,,3990
2019-01-30,210,Painters,290,296,Impact,12:35,,2,50,5,1.523925632,Snorkel Downstream,Observer,0,0,0,622,0,0,0,,3251
2019-07-11,210,Painters,290,296,Impact,12:11,,1,56,10,3.047851265,Snorkel Downstream,Observer,0,0,0,25,162,0,0,1 adult chisal,NA
2019-08-13,210,Painters,290,296,Impact,13:00,,1,51.6,10,3.047851265,Snorkel Downstream,Observer,11,0,0,0,229,0,0,,11341
2019-09-13,210,Painters,290,296,Impact,12:45,,1,51.2,7,2.133495885,Snorkel Downstream,Observer,1,30,0,0,10,0,30,30PMN,9052
2019-10-23,210,Painters,290,296,Impact,12:00,,1,51,10,3.047851265,Snorkel Downstream,Observer,0,985,0,0,50,0,0,,8647
2019-11-13,210,Painters,290,296,Impact,12:20,,2,52,10,3.047851265,Snorkel Downstream,Observer,80,220,0,0,0,0,40,40 minnows,5046
2019-11-26,210,Painters,290,296,Impact,11:00,,3,49.5,10,3.047851265,Snorkel Downstream,Observer,0,0,0,0,0,0,0,,4926
2020-01-08,210,Painters,290,296,Impact,10:15,,2,54,8,2.438281012,Snorkel Downstream,Observer,0,83,0,945,0,0,0,,5013
2020-01-22,210,Painters,290,296,Impact,11:15,,3,49,8,2.438281012,Snorkel Downstream,Observer,0,67,0,751,0,0,0,,5013
2020-02-05,210,Painters,290,296,Impact,14:30,,1,49,8,2.438281012,Snorkel Downstream,Observer,0,17,696,2235,0,0,0,,4219
2020-02-19,210,Painters,290,296,Impact,12:25,,1,53.6,10,3.047851265,Snorkel Downstream,Observer,0,0,90,1997,0,0,0,,4070
2020-03-10,210,Painters,290,296,Impact,13:30,,1,49,10,3.047851265,Snorkel Downstream,Observer,0,25,130,848,0,0,0,,4991
2020-03-30,210,Painters,290,296,Impact,9:30,,3,50,7,2.133495885,Snorkel Downstream,Observer,0,0,2,660,310,0,0,,5256
2020-04-21,210,Painters,290,296,Impact,13:40,,1,54,6,1.828710759,Snorkel Downstream,Observer,7,0,12,604,205,0,1,1 SACSUC,7588
2020-05-11,210,Painters,290,296,Impact,13:00,,4,53,10,3.047851265,Snorkel Downstream,Observer,16,0,6,293,362,0,1,1-SS,9859
2020-06-15,210,Painters,290,296,Impact,12:00,,4,53,7,2.133495885,Snorkel Downstream,Observer,9,0,0,35,1176,0,0,,12320
2020-06-30,210,Painters,290,296,Impact,9:45,,1,53,8,2.438281012,Snorkel Downstream,Observer,20,0,0,14,472,0,2,2 HH,12634
